Frase,Categoria_Atribuida,Score_Similaridade
Accept little from others.,Agreeableness-,0.58458100
Accept others' weaknesses.,Agreeableness-,0.45958500
Act at the expense of others.,Agreeableness-,0.51017400
Act before thinking through the consequences.,Agreeableness-,0.419268
Act contrary to reason.,Agreeableness-,0.5305060
Act like people older than me.,Agreeableness-,0.39672100
Actually get cold when I think of something cold.,Agreeableness-,0.38533300
Admit when I am wrong.,Agreeableness-,0.3854260
Am a bitter person.,Agreeableness-,0.512821
Am a cold-hearted person.,Agreeableness-,0.5456280
Am a good loser.,Agreeableness-,0.31162500
Am a mean-spirited person.,Agreeableness-,0.5005420
Ama negative type of person.,Agreeableness-,0.57858100
Am a rebel.,Agreeableness-,0.3573440
Am a vindictive person.,Agreeableness-,0.49506400
Am annoyed by others' mistakes.,Agreeableness-,0.49436600
Am considered by others to be weird.,Agreeableness-,0.38106400
Am hard to convince.,Agreeableness-,0.45598300
Am hard to reason with.,Agreeableness-,0.48442500
Am hard to satisfy.,Agreeableness-,0.512703
Am nice to people I should be angry at.,Agreeableness-,0.4622480
Am not a sympathetic person.,Agreeableness-,0.5833860
Am not as tactful as I should be.,Agreeableness-,0.48194800
Am not concerned with making a good impression.,Agreeableness-,0.3989000
Am not considered attractive by others.,Agreeableness-,0.335538
Am not easily fooled by others.,Agreeableness-,0.43781900
Am not good at deceiving other people.,Agreeableness-,0.42398500
Am not good at getting people to like me.,Agreeableness-,0.29825600
Am not good at hiding my intentions from others.,Agreeableness-,0.47733000
Am not good at judging people.,Agreeableness-,0.45502800
Am not interested in other people's problems.,Agreeableness-,0.27708100
Am often accused of being narrow-minded.,Agreeableness-,0.46552700
Am often asked by friends and family to help resolve fights.,Agreeableness-,0.2849360
Am often being lied to.,Agreeableness-,0.33091500
Am often disappointed by people.,Agreeableness-,0.4622170
Am often exploited by others.,Agreeableness-,0.4077750
Am often just used by people instead of being treated as a person.,Agreeableness-,0.33705600
Am patient with people who annoy me.,Agreeableness-,0.41857200
Am quick to blame others when I get into trouble.,Agreeableness-,0.33707400
Am quick to judge others.,Agreeableness-,0.46635600
Am quick to think others don't like me.,Agreeableness-,0.4317910
Am taken advantage of by others.,Agreeableness-,0.44698300
Am told that I am too blunt.,Agreeableness-,0.49596500
Am told that things I say are not polite.,Agreeableness-,0.47974600
Am unwilling to accept apologies.,Agreeableness-,0.43430800
Am upset by the misfortunes of strangers.,Agreeableness-,0.59048600
Assume that most people will lie to get what they want.,Agreeableness-,0.3489890
Attract attention from the opposite sex.,Agreeableness-,0.46087100
Avoid appearing superior to others.,Agreeableness-,0.52554000
Avoid being a bother to anyone.,Agreeableness-,0.4809950
Avoid imposing my will on others.,Agreeableness-,0.5202400
Avoid interfering in the lives of others.,Agreeableness-,0.4734110
Become frustrated and angry with people when they don't live up to my expectations.,Agreeableness-,0.42738000
Behave as if others are just as important as me.,Agreeableness-,0.4669880
Believe strongly that the world would be a much better place if I had my way.,Agreeableness-,0.26624400
Believe that cheating is wrong because it is unfair to others.,Agreeableness-,0.39886100
Believe that good will always beat evil.,Agreeableness-,0.3146790
Believe that human nature is essentially bad.,Agreeableness-,0.4349680
Believe that I am better than others.,Agreeableness-,0.33886700
Believe that it's a dog-eat-dog world.,Agreeableness-,0.2785700
Believe that it's best not to let other people get to know you too well.,Agreeableness-,0.4261160
Believe that kids need tough love.,Agreeableness-,0.3690890
Believe that most people dislike helping other people.,Agreeableness-,0.47980200
Believe that most people would betray me if I let them.,Agreeableness-,0.34023100
Believe that most people would lie to get ahead.,Agreeableness-,0.34760800
Believe that my friends will eventually drop me in favor of smarter and more interesting friends.,Agreeableness-,0.37154000
Believe that no one deserves to be discriminated against because of the color of their skin.,Agreeableness-,0.34678500
Believe that one race of people is better than others.,Agreeableness-,0.3393460
Believe that parents coddle their children too much.,Agreeableness-,0.39350200
Believe that people are either good or bad.,Agreeableness-,0.43425200
Believe that people are essentially evil.,Agreeableness-,0.38269000
Believe that people often are trying to take advantage of me.,Agreeableness-,0.41415900
Believe that people should fend for themselves.,Agreeableness-,0.41189700
Believe that some orders are meant to be ignored.,Agreeableness-,0.5115250
Believe that the only person you can truly trust is yourself.,Agreeableness-,0.33266200
Believe that the world is controlled by a few powerful people.,Agreeableness-,0.33318700
"Believe that there are no ""honest"" mistakes - there is always an ulterior motive.",Agreeableness-,0.46916700
Believe that there is never an excuse for lying.,Agreeableness-,0.3233350
Believe that there is no absolute right and wrong.,Agreeableness-,0.40400900
"Believe that, sooner or later, people always let you down.",Agreeableness-,0.34983300
Believe the world would be better off without me.,Agreeableness-,0.30382600
Break my promises.,Agreeableness-,0.33508400
Can be very cruel to people.,Agreeableness-,0.5299020
Can be vicious.,Agreeableness-,0.53937300
Can become tearful thinking of the goodness of others.,Agreeableness-,0.5441850
Cannot hold back my tongue when criticized.,Agreeableness-,0.4229790
Cannot imagine lying or cheating.,Agreeableness-,0.34147300
Can't be bothered with other's needs.,Agreeableness-,0.38123
Can't do without the company of others.,Agreeableness-,0.4526820
Can't say no.,Agreeableness-,0.4037310
Can't stand aggressive people.,Agreeableness-,0.4669880
Can't stand being contradicted.,Agreeableness-,0.43470800
Can't stand confrontations.,Agreeableness-,0.40894600
Can't stand impolite people.,Agreeableness-,0.4971960
Can't stand nosey people.,Agreeableness-,0.46387100
Can't stand pushy people.,Agreeableness-,0.49160600
Can't stand quarrels.,Agreeableness-,0.4342870
Can't stand rude people.,Agreeableness-,0.48559100
Can't stand weak people.,Agreeableness-,0.47000700
"Can't swallow, or only with a great effort.",Agreeableness-,0.3906300
Challenge others' points of view.,Agreeableness-,0.46393000
Cheat on people who have trusted me.,Agreeableness-,0.31148000
Collect things that no one else wants.,Agreeableness-,0.43249900
Consider my motives before acting.,Agreeableness-,0.42479300
Contradict others.,Agreeableness-,0.52181700
Could never imagine hurting another person.,Agreeableness-,0.18940600
Counter others' arguments.,Agreeableness-,0.48619800
Create problems for others.,Agreeableness-,0.49940100
Criticize others' shortcomings.,Agreeableness-,0.48767400
Cut others to pieces.,Agreeableness-,0.27327700
Deceive people.,Agreeableness-,0.42500000
Defend my own beliefs.,Agreeableness-,0.3473170
Demand a lot from others.,Agreeableness-,0.44471800
Demand obedience.,Agreeableness-,0.38400000
Demand perfection in others.,Agreeableness-,0.44185100
Demand the impossible of others.,Agreeableness-,0.5236330
Deny others their turn.,Agreeableness-,0.5190040
Deserve more than I am getting.,Agreeableness-,0.47514400
Detest working.,Agreeableness-,0.35536700
Disapprove of gift giving because it encourages weakness.,Agreeableness-,0.45755000
Dislike being complimented.,Agreeableness-,0.52436400
Dislike being the center of attention.,Agreeableness-,0.4916670
Dislike changes.,Agreeableness-,0.5077940
Dislike children's birthday parties.,Agreeableness-,0.31089500
Dislike competing with others.,Agreeableness-,0.49194800
Dislike having authority over others.,Agreeableness-,0.45255000
Dislike imperfect work.,Agreeableness-,0.56300000
Dislike incompetence.,Agreeableness-,0.5295020
Dislike learning.,Agreeableness-,0.39781000
Dislike movies with happy Hollywood endings.,Agreeableness-,0.32320100
Dislike myself.,Agreeableness-,0.48693800
Dislike neighbors living too close.,Agreeableness-,0.45337700
Dislike neon signs and florescent colors.,Agreeableness-,0.38625700
Dislike new foods.,Agreeableness-,0.3199230
Dislike routine.,Agreeableness-,0.4888970
Dislike smells that I usually like.,Agreeableness-,0.35458800
Dislike taking responsibility for making decisions.,Agreeableness-,0.39699900
Dislike tastes that I usually like.,Agreeableness-,0.36260800
Dislike the unknown.,Agreeableness-,0.497073
Dislike work.,Agreeableness-,0.39451400
Dislike works of fiction.,Agreeableness-,0.3466300
Disregard rules.,Agreeableness-,0.5189310
Disregard the opinions of others.,Agreeableness-,0.48965800
Distrust people.,Agreeableness-,0.60404
Distrust the medical profession to handle my health.,Agreeableness-,0.3311840
Do not believe humans are truly capable of love.,Agreeableness-,0.41801200
Do not care how my actions affect others.,Agreeableness-,0.28811200
Do not give anyone a second chance to hurt me.,Agreeableness-,0.354518
Do not give up easily.,Agreeableness-,0.4534490
Do not go out of my way to make others smile or laugh.,Agreeableness-,0.46271000
Do not like reading or hearing opinions that go against my way of thinking.,Agreeableness-,0.42703200
Do not make polite excuses.,Agreeableness-,0.56379200
"Do not quit easily, even when things are hard.",Agreeableness-,0.3737580
Do not see the need to acknowledge others who are good to me.,Agreeableness-,0.45679000
Do not stand up for my beliefs.,Agreeableness-,0.4204490
Do not take news at face value.,Agreeableness-,0.4209210
Do not tend to stick with what I decide to do.,Agreeableness-,0.37504400
Do not trust the integrity of the police.,Agreeableness-,0.36168200
Do the opposite of what I'm told to do.,Agreeableness-,0.43268200
Do the opposite of what is asked.,Agreeableness-,0.52671800
Do things behind other people's backs.,Agreeableness-,0.41608000
Do things for no apparent reason.,Agreeableness-,0.43964000
Do things out of revenge.,Agreeableness-,0.4588190
Do things that others find strange.,Agreeableness-,0.48963800
Do unpleasant tasks immediately.,Agreeableness-,0.35480000
Don't analyze the reasons for my actions.,Agreeableness-,0.38391700
Don't approach things halfheartedly.,Agreeableness-,0.5497710
Don't attempt to conform to society's expectations.,Agreeableness-,0.488537
Don't call people just to talk.,Agreeableness-,0.3732710
Don't care about dressing nicely.,Agreeableness-,0.36086400
Don't care if I offend others with bad manners.,Agreeableness-,0.3286480
Don't care much about how society tells me to behave.,Agreeableness-,0.26691200
Don't care what others think.,Agreeableness-,0.2621510
Don't care what people think of me.,Agreeableness-,0.17993600
Don't care whether I'm considered special.,Agreeableness-,0.24757800
Don't desire things that others have.,Agreeableness-,0.53107600
Don't enjoy being the object of jokes.,Agreeableness-,0.45673400
Don't fall for sob-stories.,Agreeableness-,0.44673300
Don't have a soft side.,Agreeableness-,0.5248830
Don't hesitate to express an unpopular opinion.,Agreeableness-,0.49243100
Don't learn from my experiences.,Agreeableness-,0.37849000
Don't let others cut in front of me in line.,Agreeableness-,0.4172240
Don't let others discourage me.,Agreeableness-,0.45682300
Don't let others take credit for my work.,Agreeableness-,0.3881440
Don't like being away from civilization.,Agreeableness-,0.40273500
Don't like being laughed at.,Agreeableness-,0.4370490
Don't like running errands for others.,Agreeableness-,0.39971800
Don't like seeing people dressed carelessly.,Agreeableness-,0.46035200
Don't like the idea of change.,Agreeableness-,0.37722100
Don't like to get involved in other people's problems.,Agreeableness-,0.41562700
"Don't like to share, even when others desperately need what I have.",Agreeableness-,0.38393200
Don't like to spend money.,Agreeableness-,0.35241400
Don't mind others making fun of me.,Agreeableness-,0.3131750
Don't pay much attention to the material objects other people own.,Agreeableness-,0.34833400
Don't pride myself on being original.,Agreeableness-,0.4358910
Don't see things through.,Agreeableness-,0.5094120
Don't soften the truth.,Agreeableness-,0.47732800
Don't speak my mind freely when there might be negative results.,Agreeableness-,0.48907000
Don't take orders well.,Agreeableness-,0.52302300
Don't talk badly to outsiders about my own group.,Agreeableness-,0.4475930
Don't think about different possibilities when making decisions.,Agreeableness-,0.32471900
Don't think I should have to wait in lines like others.,Agreeableness-,0.32847600
Don't think it's important to socialize with others.,Agreeableness-,0.36640900
Don't think that I'm better than other people.,Agreeableness-,0.39521600
Don't tolerate critics.,Agreeableness-,0.49578800
Don't try to get even.,Agreeableness-,0.44285700
Don't waste time with others' troubles.,Agreeableness-,0.48531100
"Doubt people who claim to be ""healers.""",Agreeableness-,0.3818120
Doubt the motives of others when I am complimented.,Agreeableness-,0.48175400
Embarrass others.,Agreeableness-,0.53204800
Expect people not to like me.,Agreeableness-,0.4476330
Expect the worst.,Agreeableness-,0.3774870
Express disapproval.,Agreeableness-,0.54115700
Fail to notice beauty until other comment on it.,Agreeableness-,0.44152200
Feel disgusted by anything relating to sex.,Agreeableness-,0.26316300
Feel like a loser if I compromise.,Agreeableness-,0.42384400
Feel no gratitude to others.,Agreeableness-,0.44189200
Feel offended by forms of discrimination.,Agreeableness-,0.47250800
Feel resentful when I don't get my own way.,Agreeableness-,0.4866780
Feel sympathy for those who are worse off thanmyself.,Agreeableness-,0.4596580
Feel that friendly people are actually trying to manipulate me.,Agreeableness-,0.46588600
Feel that I do not deserve to be alive.,Agreeableness-,0.36141400
Feel that it's OK that some people don't like me.,Agreeableness-,0.33479800
Feel that most bad things that happen have a hidden gift in them.,Agreeableness-,0.42224900
Feel that most people can't be trusted.,Agreeableness-,0.4346420
Feel that no one tells the truth anymore.,Agreeableness-,0.3565650
Feel that others misunderstand me.,Agreeableness-,0.4455570
Feel that people are against me.,Agreeableness-,0.44038300
Feel that very few merchants take advantage of their customers.,Agreeableness-,0.36534900
Felt that people disliked me.,Agreeableness-,0.38026200
Find it difficult to approach others.,Agreeableness-,0.5151220
Find it difficult to compromise in policy debates.,Agreeableness-,0.3928810
Find it difficult to consider as valid opinions that differ from my own.,Agreeableness-,0.46812500
Find it difficult to manipulate others.,Agreeableness-,0.55735400
Find it difficult to telephone someone I do not know.,Agreeableness-,0.36184900
Find it hard to forgive others.,Agreeableness-,0.5050040
Find it hard to tell if people are lying.,Agreeableness-,0.40928100
Find others' opinions unimportant.,Agreeableness-,0.4218910
Forgo things for the sake of others.,Agreeableness-,0.5089380
Frequently question the intentions of others.,Agreeableness-,0.53354200
Generally doubt the integrity of others.,Agreeableness-,0.4536490
Generally focus on the negative side of things.,Agreeableness-,0.44219200
Get annoyed at the slightest provocation.,Agreeableness-,0.50091300
Get annoyed by people who are overly friendly.,Agreeableness-,0.5302020
Get annoyed when poor weather interferes with my plans for an outdoor activity.,Agreeableness-,0.38372800
Get annoyed with others' behaviors.,Agreeableness-,0.52747300
Get back at others.,Agreeableness-,0.484816
Get back at people who insult me.,Agreeableness-,0.40742700
Get even with others.,Agreeableness-,0.49727300
Get suspicious when someone treats me nicely.,Agreeableness-,0.47482600
Give in to no one.,Agreeableness-,0.45359900
Give unsolicited advice.,Agreeableness-,0.5267280
Grumble about things.,Agreeableness-,0.5262
Hate being the center of attention.,Agreeableness-,0.49515400
Hate parting with old things.,Agreeableness-,0.39982200
Hate standing in lines.,Agreeableness-,0.44349700
Hate surprises.,Agreeableness-,0.44412300
Hate to hear about the successes of others.,Agreeableness-,0.3673680
"Hate to see anyone suffer, even my worst enemy.",Agreeableness-,0.3842130
Hate to seem pushy.,Agreeableness-,0.5563530
Hate to wait for my turn in line or in a game.,Agreeableness-,0.33197500
Have a negative view of the future.,Agreeableness-,0.47891500
Have a negative view of the world.,Agreeableness-,0.5240770
Have a reputation for asking inappropriate questions.,Agreeableness-,0.5062810
Have always been suspicious of other people.,Agreeableness-,0.3532550
Have bad luck.,Agreeableness-,0.4837950
Have bad manners.,Agreeableness-,0.5166220
Have banged my head against the wall on purpose.,Agreeableness-,0.30315300
Have been physically cruel to animals or even other people.,Agreeableness-,0.3927960
Have been told that I have horrible table manners.,Agreeableness-,0.36688300
Have been told that my stories don't make sense.,Agreeableness-,0.30392800
Have difficulty accepting love from anyone.,Agreeableness-,0.39068400
Have difficulty getting others to work together.,Agreeableness-,0.45309000
Have done things to myself that others might find brutal.,Agreeableness-,0.40776800
Have exploited others for my own gain.,Agreeableness-,0.38780400
Have friends who belong to very different groups of people.,Agreeableness-,0.3977300
Have friends who have very different beliefs from mine.,Agreeableness-,0.3851740
Have had conflicts with the police.,Agreeableness-,0.2797090
Have learned that it's dangerous to believe what people say.,Agreeableness-,0.40853400
Have little left to live for.,Agreeableness-,0.41636100
Have little patience for slackers.,Agreeableness-,0.50130000
Have little respect for my superiors.,Agreeableness-,0.3711230
Have little respect for the police.,Agreeableness-,0.35566800
Have little sympathy for the unemployed.,Agreeableness-,0.38160600
Have never had a loyal friend.,Agreeableness-,0.20675900
Have no need for close friendships.,Agreeableness-,0.31263400
Have no opinions of my own.,Agreeableness-,0.36757400
Have no sympathy for criminals.,Agreeableness-,0.42262300
Have no sympathy for rule-breakers.,Agreeableness-,0.42833600
Have noticed that my friends have often betrayed me.,Agreeableness-,0.35981100
Have occasionally disliked someone.,Agreeableness-,0.5600260
Have often been punished without a good reason.,Agreeableness-,0.3783900
Have physically threatened someone to get what I want.,Agreeableness-,0.35243800
Have spread gossip as a way to get back at someone.,Agreeableness-,0.4131730
Have trouble guessing how others will react.,Agreeableness-,0.48087300
Have trouble resisting the temptation of doing forbidden things.,Agreeableness-,0.4621050
Have vandalized other people's property.,Agreeableness-,0.2938560
Have very high standards for the behavior of others.,Agreeableness-,0.30896400
Hold a grudge.,Agreeableness-,0.5005330
Hold grudges.,Agreeableness-,0.50940500
Hurt people.,Agreeableness-,0.4568130
Ignore others' expectations.,Agreeableness-,0.50873900
Impose my will on others.,Agreeableness-,0.4909640
Insist that others do things my way.,Agreeableness-,0.4447690
Insult people.,Agreeableness-,0.56097300
Interfere in other people's business.,Agreeableness-,0.42995100
Judge myself more harshly than others do.,Agreeableness-,0.43226900
Know people whose opinions are simply not worth listening to.,Agreeableness-,0.46117200
Know that I am not a special person.,Agreeableness-,0.377204
Know that I wouldn't be any happier if I owned nicer things,Agreeableness-,0.34565800
Lash out at others when something is bothering me.,Agreeableness-,0.48200200
Let myself be directed by others.,Agreeableness-,0.425004
Let others down.,Agreeableness-,0.50533300
Let others take advantage of me.,Agreeableness-,0.4058760
Let people pull my leg.,Agreeableness-,0.36364400
"Lie, cheat, and steal.",Agreeableness-,0.3359870
Like hearing views that differ from my own.,Agreeableness-,0.4176350
Live in a state of poverty.,Agreeableness-,0.30356300
Look down on others.,Agreeableness-,0.52318200
Lose respect for leaders if I disagree with them.,Agreeableness-,0.3584260
Love my enemies.,Agreeableness-,0.4465010
Love to come up with objections.,Agreeableness-,0.4657840
Make a point of trying not to hurt others in pursuit of my goals.,Agreeableness-,0.49946200
Make demands on others.,Agreeableness-,0.53994500
Make enemies.,Agreeableness-,0.52856600
Make fun of others behind their backs.,Agreeableness-,0.4077130
Make mistakes on purpose when I resent having to do something.,Agreeableness-,0.45823200
Make people pay for crossing me.,Agreeableness-,0.22891000
May hit somebody if they openly disagree with me.,Agreeableness-,0.44240600
Mediate in quarrels.,Agreeableness-,0.4508730
Nag others.,Agreeableness-,0.5377350
Need to understand my motives.,Agreeableness-,0.38122100
Neglect to thank others for their help.,Agreeableness-,0.46721600
Never seek vengeance.,Agreeableness-,0.39631400
Never want to be thought of as average.,Agreeableness-,0.3958370
Notice contradictions.,Agreeableness-,0.515202
Obstruct others' plans.,Agreeableness-,0.47396000
Offend no one.,Agreeableness-,0.45387500
Often am trying to get back at people.,Agreeableness-,0.4169760
"Often identify with ""the villain"" in movies.",Agreeableness-,0.25807300
Often suspect that others are trying to exploit me.,Agreeableness-,0.42374600
Only pretend to have the best interests of others at heart.,Agreeableness-,0.53026600
Oppose authority.,Agreeableness-,0.4660300
Pay no attention to my own needs.,Agreeableness-,0.33997200
Physically intimidate people to get what I want.,Agreeableness-,0.38426500
Quarrel often with others.,Agreeableness-,0.48245700
Question others' assumptions.,Agreeableness-,0.49174800
Rarely enjoy behaving in a silly manner.,Agreeableness-,0.44909600
React strongly to criticism.,Agreeableness-,0.40203400
React with disbelief.,Agreeableness-,0.5320030
Rebel against authority.,Agreeableness-,0.4490620
Refuse help.,Agreeableness-,0.45501500
Refuse to be sidetracked.,Agreeableness-,0.5048260
Refuse to be taken advantage of by others.,Agreeableness-,0.53038500
Refuse to be talked into things.,Agreeableness-,0.41546900
Refuse to take credit for work I have not done.,Agreeableness-,0.30008600
Resent being punished.,Agreeableness-,0.4877960
Resist authority.,Agreeableness-,0.45054700
Resist society's rules.,Agreeableness-,0.47084800
Ridicule people.,Agreeableness-,0.48472900
Say I'm sorry when someone bumps into me in a crowd.,Agreeableness-,0.37822000
Say inappropriate things.,Agreeableness-,0.55272800
Say what I think and feel even if I know other people will disagree.,Agreeableness-,0.38052500
Scheme against others.,Agreeableness-,0.53558100
See other people as my competitors.,Agreeableness-,0.44563500
See that nobody gets left out.,Agreeableness-,0.4217830
Seek conflict.,Agreeableness-,0.47125000
Seek to influence others.,Agreeableness-,0.43710800
Seem to derive less enjoyment from interacting with people than others do.,Agreeableness-,0.40145200
Shift back and forth between strong love and strong hate.,Agreeableness-,0.48895400
Show disgust.,Agreeableness-,0.47647400
Sometimes lack remorse for treating people badly.,Agreeableness-,0.55970600
Speak ill of others.,Agreeableness-,0.5459080
Speak up in protest when I hear someone say mean things.,Agreeableness-,0.4642540
Suspect hidden motives in others.,Agreeableness-,0.51208700
Take advantage of others.,Agreeableness-,0.4782620
Take no time for others.,Agreeableness-,0.45327700
Take offense easily.,Agreeableness-,0.37150200
Take orders from anybody.,Agreeableness-,0.29221400
Take unfair advantage of others.,Agreeableness-,0.49238200
Talk about others to stir up conflict.,Agreeableness-,0.429183
Tend to dislike impulsive people.,Agreeableness-,0.5412390
Tend to dislike secretive people.,Agreeableness-,0.4919090
Tend to dislike shallow people.,Agreeableness-,0.509727
Tend to dislike soft-hearted people.,Agreeableness-,0.5463230
Tend to give others a hard time.,Agreeableness-,0.5875930
Tend to talk sarcastically.,Agreeableness-,0.47521600
Think a lot before complaining in a restaurant if my meal is not well-prepared.,Agreeableness-,0.33299700
Think most other people are better than me.,Agreeableness-,0.3382020
Think that everyone should be responsible for their own behaviors.,Agreeableness-,0.32642900
Think that people who are stupid enough to get ripped off usually deserve it.,Agreeableness-,0.3414230
Torture animals.,Agreeableness-,0.25662400
Treat others badly.,Agreeableness-,0.53224500
Treat others differently if I don't like them.,Agreeableness-,0.4790980
Treat people as inferiors.,Agreeableness-,0.4118240
Treated my parents badly.,Agreeableness-,0.28948300
Try not to deceive others.,Agreeableness-,0.5593320
Try not to do favors for others.,Agreeableness-,0.5997370
Try not to think about the needy.,Agreeableness-,0.5884300
Try to cheat others.,Agreeableness-,0.4304140
Try to fit in with others.,Agreeableness-,0.40564000
Try to fool others.,Agreeableness-,0.46344700
Try to forgive and forget.,Agreeableness-,0.46692600
Try to get rid of my prejudices.,Agreeableness-,0.49772300
Try to prevent quarrels.,Agreeableness-,0.5178780
Try to provoke others just to get a response.,Agreeableness-,0.51130500
Try to respond with understanding when someone treats me badly.,Agreeableness-,0.50818100
Try to stay inside when the weather is bad.,Agreeableness-,0.2921790
Turn my back on others.,Agreeableness-,0.47665200
Turn people against each other.,Agreeableness-,0.5009200
Understand people who think differently.,Agreeableness-,0.46802900
Urge others to behave themselves.,Agreeableness-,0.51842500
Usually believe that my friends will abandon me.,Agreeableness-,0.33739400
"Usually demand that I do better the next time, even when I have done something very well.",Agreeableness-,0.3254480
Want to know the reasons why.,Agreeableness-,0.2690230
Was approached by someone I didn't know who called me by another name or who insisted that he or she had met me before.,Agreeableness-,0.22459200
Will do almost anything to avoid being rejected.,Agreeableness-,0.37439700
Will do anything to get my way.,Agreeableness-,0.22967800
Will push people around to get what I want.,Agreeableness-,0.34704600
Will spread false rumors as a way to hurt others.,Agreeableness-,0.38138900
Will try to get even when someone hurts me.,Agreeableness-,0.33407500
Will upset people if I think that it is the right thing to do.,Agreeableness-,0.4066520
Wish that something bad will happen to someone I dislike.,Agreeableness-,0.48592800
Wonder if the people I know can really be trusted.,Agreeableness-,0.29630000
Won't be satisfied until I get all I deserve.,Agreeableness-,0.33600100
Won't leave people alone.,Agreeableness-,0.38631200
Won't let others dominate me.,Agreeableness-,0.4339340
Won't take the blame for something that's not my fault.,Agreeableness-,0.36243200
Work harder after a failure.,Agreeableness-,0.34508700
Worry that certain people will take unfair advantage of me.,Agreeableness-,0.46858000
Would be upset if I saw an injured animal.,Agreeableness-,0.31397400
Would be upset if my success came at someone else's expense.,Agreeableness-,0.34836200
Would feel uncomfortable trying to take advantage of others.,Agreeableness-,0.53287900
Would feel very badly for a long time if I were to steal from someone.,Agreeableness-,0.28861100
Would find it difficult to ask for a salary increase.,Agreeableness-,0.27050800
Would find it distressing to see someone sleeping on the streets.,Agreeableness-,0.29011600
Would hate to be considered odd or strange.,Agreeableness-,0.46576000
Would never accept welfare.,Agreeableness-,0.16730600
Would never be described as arrogant.,Agreeableness-,0.32543900
Would never take things that aren't mine.,Agreeableness-,0.23654300
Would not enjoy being a famous celebrity.,Agreeableness-,0.32824100
Would not feel guilty about hurting the feelings of someone I disliked.,Agreeableness-,0.39081100
Would not regret my behavior if I were to take advantage of someone impulsively.,Agreeableness-,0.31665300
Would rather help myself than others.,Agreeableness-,0.36539600
Yell at others with little provocation.,Agreeableness-,0.4111020
Accept people as they are.,Agreeableness+,0.45056400
Accept the consequences of my actions.,Agreeableness+,0.39506600
Accept the first thing that comes along.,Agreeableness+,0.442512
Accept what others say.,Agreeableness+,0.53484600
Acknowledge others' accomplishments.,Agreeableness+,0.50122900
Act according to my conscience.,Agreeableness+,0.42167600
Act comfortably with others.,Agreeableness+,0.5486420
"Admire people who own expensive homes, cars, or clothes.",Agreeableness+,0.2695160
Agree to anything.,Agreeableness+,0.48195700
Allow others to make a fresh start.,Agreeableness+,0.42231900
Always admit it when I make a mistake.,Agreeableness+,0.28615200
Am a generally obedient person.,Agreeableness+,0.43755300
Ama good judge of character.,Agreeableness+,0.48817200
Am a good listener.,Agreeableness+,0.49629800
Am a law-abiding citizen.,Agreeableness+,0.34692900
"Am a ""people person.""",Agreeableness+,0.35383700
Am a very reliable person.,Agreeableness+,0.3722000
Am able to cooperate with others.,Agreeableness+,0.5518840
Am able to do most things well enough.,Agreeableness+,0.32005200
Am able to fit into any situation.,Agreeableness+,0.26190600
Am able to get other people to act in a certain way.,Agreeableness+,0.38946000
Am able to read the minds of others.,Agreeableness+,0.38340000
Am able to see the best in a situation.,Agreeableness+,0.46774500
Am able to understand how other people see problems.,Agreeableness+,0.3969170
Am always joking.,Agreeableness+,0.31008900
Am an extremely grateful person.,Agreeableness+,0.5333660
Am an extremely loyal person.,Agreeableness+,0.3309290
Am an honest person.,Agreeableness+,0.45270900
Am asked for advice by friends and family.,Agreeableness+,0.34826600
Am asked for favors by my friends and family.,Agreeableness+,0.4974860
Am basically a decent person.,Agreeableness+,0.422551
Am committed to principles of justice and equality.,Agreeableness+,0.33445500
"Am considered a ""yes"" person.",Agreeableness+,0.50652500
Am considered attractive by others.,Agreeableness+,0.3702820
Am considered fun to be with.,Agreeableness+,0.40655900
Am considered to be a wise person.,Agreeableness+,0.44884800
Am considered well-off financially.,Agreeableness+,0.3165890
Am content with my life.,Agreeableness+,0.2934510
"Am described by others as a good ""team-player.""",Agreeableness+,0.36835100
Am easily calmed down by others.,Agreeableness+,0.32703100
Am easily impressed.,Agreeableness+,0.34332100
Am easy to persuade.,Agreeableness+,0.3558550
Am easy to satisfy.,Agreeableness+,0.37382800
Am entitled to the best.,Agreeableness+,0.38650300
Am faithful to old friends.,Agreeableness+,0.37914000
Am good at getting people to do what I want.,Agreeableness+,0.31424800
Am good at helping people work well together.,Agreeableness+,0.46058000
Am good at making excuses for my bad behavior.,Agreeableness+,0.2565140
Am good at making jokes.,Agreeableness+,0.32564100
Am good at making people laugh.,Agreeableness+,0.33373700
Am good at many things.,Agreeableness+,0.33941900
Am good at reading people's intentions from their faces.,Agreeableness+,0.39356700
Am good at sensing what others are feeling.,Agreeableness+,0.44624700
Am good at taking advice.,Agreeableness+,0.42242000
Am good at understanding others' feelings.,Agreeableness+,0.48640300
Am happy with my life.,Agreeableness+,0.28604700
Am humble about the good things that have happened to me.,Agreeableness+,0.4336500
Am in awe of simple things in life that others might take for granted.,Agreeableness+,0.34267000
Am in good physical condition.,Agreeableness+,0.29980600
Am inclined to forgive others.,Agreeableness+,0.5500880
Am interested in people.,Agreeableness+,0.40094800
Am looking forward to things that are coming in the future.,Agreeableness+,0.35608500
Am motivated strongly to do some things by the good prospect of obtaining money.,Agreeableness+,0.30765100
Am never too busy to help a friend.,Agreeableness+,0.32800300
Am nice to store clerks.,Agreeableness+,0.3985030
Am not afraid of providing criticism.,Agreeableness+,0.3757800
Am not picky about food.,Agreeableness+,0.28118000
Am often told by others that I understand them.,Agreeableness+,0.36622000
Am on good terms with nearly everyone.,Agreeableness+,0.36940000
Amonly kind to others if they have been kind to me.,Agreeableness+,0.543545
Am open about myself to others.,Agreeableness+,0.38445700
Am open to arguments.,Agreeableness+,0.41429100
Am open to change.,Agreeableness+,0.42596000
Am passionate about bettering the world's condition.,Agreeableness+,0.325181
Am polite to strangers.,Agreeableness+,0.47114200
Am pretty trusting of others' motives.,Agreeableness+,0.53459800
Am quick to correct others.,Agreeableness+,0.4276710
Am satisfied with my life.,Agreeableness+,0.29041400
Am secure in my relationships.,Agreeableness+,0.33718000
Am sensitive to the needs of others.,Agreeableness+,0.54768100
Am skilled in handling social situations.,Agreeableness+,0.35329600
Am strongly influenced by the good moods of others.,Agreeableness+,0.4394200
Am thankful for the people who helped me during my childhood.,Agreeableness+,0.37543100
Am told by my friends that I am a hard worker.,Agreeableness+,0.31880000
Am told by people that I am easy to get to know.,Agreeableness+,0.30882300
Am told that I am a strong but fair leader.,Agreeableness+,0.35988300
Am true to myself in all circumstances.,Agreeableness+,0.24270200
Am trusted by other people.,Agreeableness+,0.5189220
Am usually a patient person.,Agreeableness+,0.45926900
Am usually able to forgive people when they make me angry.,Agreeableness+,0.29627500
Am usually right.,Agreeableness+,0.44690400
Am valued by my friends for my good judgment.,Agreeableness+,0.47738700
Am valued by others for my objectivity.,Agreeableness+,0.43869400
Am very pleased with myself.,Agreeableness+,0.33233500
Am who I am because of my faith.,Agreeableness+,0.23573200
Am willing to admit it when I make a mistake.,Agreeableness+,0.37412600
Am willing to bend the truth if it will benefit me.,Agreeableness+,0.4344010
Am willing to cheat in a game.,Agreeableness+,0.3125430
Am willing to explain things twice.,Agreeableness+,0.37303600
Am willing to make compromises.,Agreeableness+,0.5137190
Am willing to make personal sacrifices in order to help people I care about.,Agreeableness+,0.42839200
Am willing to try again and again when I fail at something.,Agreeableness+,0.3372930
Am worthy of special recognition.,Agreeableness+,0.4466080
Amuse my friends.,Agreeableness+,0.50380200
Anticipate the needs of others.,Agreeableness+,0.5029410
Apologize a lot.,Agreeableness+,0.39295500
Appreciate good manners.,Agreeableness+,0.5845070
Appreciate people who wait on me.,Agreeableness+,0.49035200
Appreciate the viewpoints of others.,Agreeableness+,0.5377750
Approach others in a positive manner.,Agreeableness+,0.5926400
"As a child, did a lot of things to get people's approval.",Agreeableness+,0.2870820
Ask for lots of advice from others.,Agreeableness+,0.40300700
Behave in a way that is acceptable to society.,Agreeableness+,0.5395340
Believe in a supernatural source of peace and love.,Agreeableness+,0.3525000
Believe in an eye for an eye.,Agreeableness+,0.49796800
Believe in eating healthily.,Agreeableness+,0.3279660
Believe in equality between all races.,Agreeableness+,0.3059260
Believe in God.,Agreeableness+,0.2964730
Believe in human goodness.,Agreeableness+,0.58859000
Believe in sexual modesty.,Agreeableness+,0.41011300
Believe in the goodness of human nature.,Agreeableness+,0.5343440
Believe in the power of astrology to predict the future.,Agreeableness+,0.23887700
Believe in the power of fate.,Agreeableness+,0.34473300
Believe in the power of tarot cards to predict the future.,Agreeableness+,0.28846800
Believe in universal harmony.,Agreeableness+,0.48154000
Believe it is always better to be safe than sorry.,Agreeableness+,0.4240840
Believe that both feelings and thinking are important in making decisions and solving problems.,Agreeableness+,0.3707400
Believe that cheating is ok if you get away with it.,Agreeableness+,0.3015440
Believe that criminals should receive help rather than punishment.,Agreeableness+,0.35843700
Believe that everyone should have a say.,Agreeableness+,0.29869900
Believe that everyone's rights are equally important.,Agreeableness+,0.29158700
Believe that everything will work out in the end.,Agreeableness+,0.36874200
Believe that giving is more important than receiving.,Agreeableness+,0.4885340
Believe that honesty is the basis for trust.,Agreeableness+,0.46659900
Believe that I am always right.,Agreeableness+,0.28466600
Believe that I am important.,Agreeableness+,0.4417900
Believe that I can heal others by sending them thoughts of positive energy.,Agreeableness+,0.40764500
Believe that I can work hard to achieve a positive future.,Agreeableness+,0.36614500
Believe that it is best to forgive and forget.,Agreeableness+,0.43423500
Believe that leaders should let everyone have a say in what the group does.,Agreeableness+,0.24381600
Believe that most people have ulterior motives when doing good deeds.,Agreeableness+,0.43293400
Believe that most people make friends only because they expect friends to be useful.,Agreeableness+,0.38529700
Believe that most people stay friends only as long as it is to their advantage.,Agreeableness+,0.39140100
Believe that most people tell the truth.,Agreeableness+,0.38579000
Believe that most questions have one right answer.,Agreeableness+,0.3494400
Believe that my life is much more of a gift than a problem.,Agreeableness+,0.40580800
Believe that one of the most important achievements in life includes acquiring material possessions.,Agreeableness+,0.30393700
Believe that others are drawn to me because I am humble.,Agreeableness+,0.4373910
Believe that others have good intentions.,Agreeableness+,0.5923100
Believe that our human nature brings us together to work for common goals.,Agreeableness+,0.4473420
Believe that people are basically honest and good.,Agreeableness+,0.48337600
Believe that people are basically moral.,Agreeableness+,0.3600500
Believe that small lies are ok.,Agreeableness+,0.39865700
Believe that some people are born lucky.,Agreeableness+,0.3672700
Believe that the poor deserve our sympathy.,Agreeableness+,0.42179200
Believe that the things I own say a lot about how well I'm doing in life.,Agreeableness+,0.3055340
Believe that there are universal truths.,Agreeableness+,0.3513800
Believe that things go best when people do things the way I do them or want them done.,Agreeableness+,0.37195500
Can accept a lot from others.,Agreeableness+,0.58277100
Can accept criticism without getting upset.,Agreeableness+,0.48342800
"Can always say ""enough is enough.""",Agreeableness+,0.32314900
Can be relied upon by others.,Agreeableness+,0.5015550
Can be trusted to keep my promises.,Agreeableness+,0.45306000
Can bend to the will of others.,Agreeableness+,0.52850000
Can express love to someone else.,Agreeableness+,0.412675
Can find the positive in what seems negative to others.,Agreeableness+,0.50794800
Can get along with most people.,Agreeableness+,0.39253100
Can handle any situation life throws my way.,Agreeableness+,0.2999410
Can laugh at myself.,Agreeableness+,0.37619100
Can read people like a book.,Agreeableness+,0.29264100
Can stand criticism.,Agreeableness+,0.42896800
Can take a joke.,Agreeableness+,0.4080060
Can take the viewpoint of others.,Agreeableness+,0.45044400
Can talk others into doing things.,Agreeableness+,0.42880600
Can think of a snappy reply.,Agreeableness+,0.43828100
Can understand a stranger's character at first sight.,Agreeableness+,0.4078160
Can usually appreciate other points of view.,Agreeableness+,0.4631530
Can't help noticing whether something I read is grammatically correct.,Agreeableness+,0.38260600
Can't resist eating candy or cookies if they are around.,Agreeableness+,0.2917400
Care about others.,Agreeableness+,0.6150260
Carry around something that gives me good luck.,Agreeableness+,0.45274300
Change my mind.,Agreeableness+,0.35659000
Change myself to suit others.,Agreeableness+,0.39879800
Cheer people up.,Agreeableness+,0.46153700
Cherish mementos.,Agreeableness+,0.37798500
Conform to others' opinions.,Agreeableness+,0.49875100
Consider my behavior to be pretty average.,Agreeableness+,0.3789680
Consider myself an average person.,Agreeableness+,0.37301200
Consider myself good-looking.,Agreeableness+,0.38538200
Consider myself to be a wise person.,Agreeableness+,0.4636950
Consider others' advice.,Agreeableness+,0.5401660
Consider others' opinions.,Agreeableness+,0.4526420
"Could never stop loving my family and close friends, no matter what they did.",Agreeableness+,0.099234000
Decide things for others.,Agreeableness+,0.5069280
Deserve special treatment from others.,Agreeableness+,0.48562300
Deserve the very best of everything.,Agreeableness+,0.3260360
Deserve to be admired.,Agreeableness+,0.48116000
Do a lot in my spare time.,Agreeableness+,0.31613800
Do everything I say I will do.,Agreeableness+,0.28843200
Do favors for others only so I can ask for something for myself later.,Agreeableness+,0.47775400
Do things for a reason.,Agreeableness+,0.4369000
Do things in a half-way manner.,Agreeableness+,0.49385200
Do things out of habit.,Agreeableness+,0.3989650
Do what I say.,Agreeableness+,0.41681600
Do what othersdo.,Agreeableness+,0.51095100
Do what others want me to do.,Agreeableness+,0.43221700
Don't make a big deal about gifts that I receive.,Agreeableness+,0.29896400
Don't mind asking for favors.,Agreeableness+,0.5120450
Don't mind being the center of attention.,Agreeableness+,0.37723700
Don't mind cutting in line.,Agreeableness+,0.3852830
Easily find things to laugh or joke about.,Agreeableness+,0.31471100
Easily laugh at myself.,Agreeableness+,0.32541400
Echo what others say.,Agreeableness+,0.44161700
Encourage others' criticisms.,Agreeableness+,0.4676030
Enjoy a good ethnic joke among friends.,Agreeableness+,0.3836820
Enjoy being part of a group.,Agreeableness+,0.43268300
"Enjoy being thought of as a normal ""mainstream"" person.",Agreeableness+,0.3612770
Enjoy bringing people together.,Agreeableness+,0.4472000
Enjoy eating in restaurants.,Agreeableness+,0.30001300
Enjoy feeding animals.,Agreeableness+,0.31702200
"Enjoy feeling ""close to the earth.""",Agreeableness+,0.41573000
Enjoy going to social gatherings.,Agreeableness+,0.37010100
Enjoy my work.,Agreeableness+,0.49326700
Enjoy myself while with others.,Agreeableness+,0.41298100
Enjoy offering directions to tourists.,Agreeableness+,0.3280540
Enjoy reading.,Agreeableness+,0.42225700
Enjoy spending money on things that aren't practical.,Agreeableness+,0.29394200
Enjoy taking leisurely strolls.,Agreeableness+,0.29184400
Enjoy teamwork.,Agreeableness+,0.50193800
Enjoy the warm feeling of being in a group of good friends.,Agreeableness+,0.4787650
Enjoy using my charm.,Agreeableness+,0.47598300
Enjoy working with people more than working alone.,Agreeableness+,0.40803200
Enjoyed life.,Agreeableness+,0.39575600
Enjoyed school.,Agreeableness+,0.29630500
Expect others to thank me for generous things that I do for them.,Agreeableness+,0.5137780
Express my happiness in a childlike manner.,Agreeableness+,0.42018000
Express my thanks to those who care aboutme.,Agreeableness+,0.49619700
Feel a profound sense of appreciation every day.,Agreeableness+,0.37851800
Feel a responsibility to improve the world in which I live.,Agreeableness+,0.41931500
Feel at ease with people.,Agreeableness+,0.46581000
Feel better after some hard work.,Agreeableness+,0.38569800
Feel comfortable around people.,Agreeableness+,0.4761520
Feel happy when I see a happy animal such as a playful dog or a purring cat.,Agreeableness+,0.32763000
Feel happy when I see other people display their skills and talents.,Agreeableness+,0.35606100
"Feel happy when I see other people doing things like showing compassion, forgiving others, or being kind.",Agreeableness+,0.5198550
Feel I must respect the decisions made by my group.,Agreeableness+,0.45218500
Feel it's important to live in a world of beauty.,Agreeableness+,0.3477320
Feel lucky most of the time.,Agreeableness+,0.45092900
Feel other people's joy.,Agreeableness+,0.4846020
Feel spiritually connected to other people.,Agreeableness+,0.38358800
Feel thankful for what I have received in life.,Agreeableness+,0.47659100
Feel that I am treated well by others.,Agreeableness+,0.4702130
Feel that life is full of many wonderful surprises.,Agreeableness+,0.4054830
Feel that most people are genuine.,Agreeableness+,0.48675700
Feel that people must earn my trust.,Agreeableness+,0.4674600
Felt happy.,Agreeableness+,0.39050100
Felt hopeful about the future.,Agreeableness+,0.3933920
Felt I was as good as other people.,Agreeableness+,0.30945600
Find few things in my life to be grateful for.,Agreeableness+,0.45749600
Find it easy to stay healthy.,Agreeableness+,0.28285700
Find it easy to tell if others are interested or bored with what I'm saying.,Agreeableness+,0.3570280
Find that it doesn't take much to make me feel happy.,Agreeableness+,0.39592100
Find that my friends get surprised to discover things that I have achieved in the past.,Agreeableness+,0.39059200
Form opinions based on others' beliefs.,Agreeableness+,0.38478500
Generally trust my partners to be faithful to me.,Agreeableness+,0.4026060
Get a lot of pleasure from buying things.,Agreeableness+,0.35447600
Get along well with others.,Agreeableness+,0.4935040
Get along well with people I have just met.,Agreeableness+,0.4018960
Get chills when I hear about acts of great generosity.,Agreeableness+,0.52832200
Get others to do my duties.,Agreeableness+,0.41483800
Give compliments.,Agreeableness+,0.5983010
Give everyone a chance.,Agreeableness+,0.4099620
Give money to beggars.,Agreeableness+,0.29847900
Give people a second chance.,Agreeableness+,0.42301800
Give people good advice.,Agreeableness+,0.50825100
Give to panhandlers.,Agreeableness+,0.441927
Go out of my way for others.,Agreeableness+,0.51247400
Go out of my way to attend educational events.,Agreeableness+,0.32412300
Go out of my way to cheer up people who appear down.,Agreeableness+,0.44460900
Go out of my way to help people who are suffering.,Agreeableness+,0.38672600
Go out of my way to meet people.,Agreeableness+,0.35117400
Handle problems as well as anyone else.,Agreeableness+,0.3816840
Have a calming influence.,Agreeableness+,0.50378300
Have a conscience.,Agreeableness+,0.50765000
Have a good memory.,Agreeableness+,0.47310800
Have a good word for everyone.,Agreeableness+,0.5582240
Have a great sense of humor.,Agreeableness+,0.43409900
Have a mature view on life.,Agreeableness+,0.40744200
Have a soft heart.,Agreeableness+,0.5510190
Have all the material things I really need to enjoy life.,Agreeableness+,0.23919000
Have always been completely fair to others.,Agreeableness+,0.24415200
Have an excellent view of the world.,Agreeableness+,0.3945160
Have beautiful ideals in my heart.,Agreeableness+,0.4358880
Have been described as wise beyond my years.,Agreeableness+,0.37959100
Have been richly blessed in my life.,Agreeableness+,0.40862500
Have felt contact with a divine power.,Agreeableness+,0.33828200
"Have good ""presence of mind.""",Agreeableness+,0.5349070
Have good luck.,Agreeableness+,0.5721580
Have gotten better with age.,Agreeableness+,0.32550100
Have gotten the important things I want in my life.,Agreeableness+,0.2537540
Have learned how to get others to do things for me.,Agreeableness+,0.3604900
Have many valuable material possessions.,Agreeableness+,0.35665900
Have never given bad advice to a friend.,Agreeableness+,0.25882400
Have never hated anyone.,Agreeableness+,0.22053500
Have no objection to stepping on other people's toes if it is to my advantage.,Agreeableness+,0.34906500
Have no trouble eating healthy foods.,Agreeableness+,0.20333800
Have saved so many things that they get in the way.,Agreeableness+,0.3923460
Have the ability to be a good teacher.,Agreeableness+,0.35090300
Help my friends.,Agreeableness+,0.51993800
Help others only when there is something in it for me.,Agreeableness+,0.46163700
"Help people even when I do not want to, because it is the right thing to do.",Agreeableness+,0.40840000
Helped a neighbor in the last month.,Agreeableness+,0.43650700
Honor all the vows I have made.,Agreeableness+,0.27557900
Hug my close friends.,Agreeableness+,0.38665600
Inquire about others' well-being.,Agreeableness+,0.49347900
Involve others in what I am doing.,Agreeableness+,0.469211
Just let things happen.,Agreeableness+,0.4065620
Keep in touch with old friends.,Agreeableness+,0.37223200
Keep my faith even during hard times.,Agreeableness+,0.3243090
Keep my promises.,Agreeableness+,0.39248400
Keep my sense of humor even in gloomy situations.,Agreeableness+,0.42002300
Keep the peace.,Agreeableness+,0.5049300
Know how to comfort others.,Agreeableness+,0.5487340
Know how to convince others.,Agreeableness+,0.4130430
Know someone for whom I would do almost anything.,Agreeableness+,0.22061100
Know someone who is absolutely fair and just.,Agreeableness+,0.38494800
Know that anyone who tries can get a job.,Agreeableness+,0.25366000
Know that I'm good because others tell me so.,Agreeableness+,0.37110900
Know that many people helped me to get to where I am today.,Agreeableness+,0.35851500
Know that my special qualities will some day be admired.,Agreeableness+,0.4410660
Know that some others accept my shortcomings.,Agreeableness+,0.42150200
Know that there is someone I trust to help and support me.,Agreeableness+,0.39772900
Know what others are thinking.,Agreeableness+,0.4237540
Know what to say to make people feel good.,Agreeableness+,0.427934
Laugh a lot.,Agreeableness+,0.37223900
Laugh at the slightest provocation.,Agreeableness+,0.41166600
Let other people take the credit for my work.,Agreeableness+,0.41641700
Let others determine my choices.,Agreeableness+,0.3561420
Let others do the work.,Agreeableness+,0.43318800
Let others finish what they are saying.,Agreeableness+,0.42322200
Let others have the credit.,Agreeableness+,0.44076400
Let others make the decisions.,Agreeableness+,0.36969700
Let people push me around to help them feel important.,Agreeableness+,0.3637130
Like a lot of luxury in my life.,Agreeableness+,0.34979000
Like harmony in my life.,Agreeableness+,0.47751200
Like it when strangers find me sexually appealing.,Agreeableness+,0.36570400
Like to apologize after an argument.,Agreeableness+,0.42347800
Like to attend ceremonies.,Agreeableness+,0.33835800
Like to be around children.,Agreeableness+,0.35066700
Like to be of service to others.,Agreeableness+,0.5544930
Like to do things for others.,Agreeableness+,0.53518400
Like to give intoxicants to others.,Agreeableness+,0.35257900
Like to give orders.,Agreeableness+,0.38862100
Like to help others.,Agreeableness+,0.60162600
Like to know the news of the world.,Agreeableness+,0.28982500
Like to please others.,Agreeableness+,0.57920100
Like to read.,Agreeableness+,0.3311470
Like to take responsibility for making decisions.,Agreeableness+,0.40414200
Like to trick people into doing things for me.,Agreeableness+,0.30717800
Like to watch children open presents.,Agreeableness+,0.294693
Like to work as part of a team.,Agreeableness+,0.437966
Listen to my conscience.,Agreeableness+,0.43937800
"Listen to others, even if I disagree.",Agreeableness+,0.42398800
Live a life of luxury.,Agreeableness+,0.27859000
Look at the bright side of life.,Agreeableness+,0.46786900
Look forward to each new day.,Agreeableness+,0.3745670
Look on the bright side.,Agreeableness+,0.5345530
"Look to God / a Higher Power for support, guidance, and strength.",Agreeableness+,0.2875890
Love animals.,Agreeableness+,0.3402180
Love change.,Agreeableness+,0.36428700
Love children.,Agreeableness+,0.36710500
Love children's movies.,Agreeableness+,0.18856900
Love flowers.,Agreeableness+,0.31859700
Love life.,Agreeableness+,0.3764990
Love luxury.,Agreeableness+,0.39434900
Love security.,Agreeableness+,0.41176000
Love surprise parties.,Agreeableness+,0.39709600
Love to be complimented.,Agreeableness+,0.5392100
Love to chat.,Agreeableness+,0.38347000
Love to eat.,Agreeableness+,0.3103780
Love to help others.,Agreeableness+,0.5546140
Love to let others share the spotlight.,Agreeableness+,0.4617200
Love to make other people happy.,Agreeableness+,0.45751700
Love to meet new people.,Agreeableness+,0.33376100
Love what I do.,Agreeableness+,0.32327400
Make friends easily.,Agreeableness+,0.37054000
Make jokes.,Agreeableness+,0.40566800
Make others feel good.,Agreeableness+,0.56122000
Make people feel at ease.,Agreeableness+,0.5125620
Make people feel welcome.,Agreeableness+,0.6002410
Need affection.,Agreeableness+,0.46796900
Need others to help run my life.,Agreeableness+,0.28290000
Need reassurance.,Agreeableness+,0.5781080
Need the approval of others.,Agreeableness+,0.5310010
Need to force and remind myself to smile every day.,Agreeableness+,0.32786800
Never abuse my credit.,Agreeableness+,0.2981590
Never resent being asked to do a favor for someone.,Agreeableness+,0.41161200
Notice when other people do things for me.,Agreeableness+,0.47040200
Offer help with problems.,Agreeableness+,0.4760760
Often do nice things for people.,Agreeableness+,0.56094800
Often do things to be praised.,Agreeableness+,0.4867120
Often enjoy telling jokes or behaving in a humorous manner.,Agreeableness+,0.35440800
Often feed homeless people at my front door.,Agreeableness+,0.27836400
Often need help.,Agreeableness+,0.48069700
Prefer renting or leasing a car to owning one.,Agreeableness+,0.23563600
Prefer that others make the major decisions in my life.,Agreeableness+,0.2905570
Prefer to be around people with a background like mine.,Agreeableness+,0.317608
"Prefer to call people ""Mr."" and ""Mrs.""",Agreeableness+,0.24048200
Prefer to let others be the center of attention.,Agreeableness+,0.38105200
Prefer to spend my free time with family or friends rather than alone.,Agreeableness+,0.2685370
Prefer variety to routine.,Agreeableness+,0.35828900
Put up with anything.,Agreeableness+,0.3603290
Rarely become angry at my friends.,Agreeableness+,0.30435800
Rarely complain.,Agreeableness+,0.35492900
Reassure others.,Agreeableness+,0.6385400
"Remain hopeful about the future, regardless of challenges.",Agreeableness+,0.39815000
Remain hopeful despite challenges.,Agreeableness+,0.43116400
Remember my friends' birthdays.,Agreeableness+,0.34890600
Respect older people.,Agreeableness+,0.45593600
Respect others.,Agreeableness+,0.5759280
Respect others' feelings.,Agreeableness+,0.57587200
Respect the opinions of others.,Agreeableness+,0.51870400
Return borrowed items.,Agreeableness+,0.2864930
Sacrifice myself for others.,Agreeableness+,0.40461400
Say yes to nearly all requests.,Agreeableness+,0.38055400
See myself as a good leader.,Agreeableness+,0.36843900
See the beauty in everyday things.,Agreeableness+,0.43576300
See the humor in situations.,Agreeableness+,0.4871190
Seek support.,Agreeableness+,0.5222580
Seldom take offense.,Agreeableness+,0.46333000
Sense others' wishes.,Agreeableness+,0.6302950
Share things with others.,Agreeableness+,0.49751000
Should get special privileges.,Agreeableness+,0.3683700
Show faith in people.,Agreeableness+,0.42658200
Show my gratitude.,Agreeableness+,0.6183600
Smile a lot.,Agreeableness+,0.53768200
Spend lots of my free time helping others.,Agreeableness+,0.39419200
Stay in touch with old acquaintances.,Agreeableness+,0.38487900
Stop to count my blessings.,Agreeableness+,0.51882000
Support my teammates or fellow group members.,Agreeableness+,0.42972900
Switch my loyalties when I feel like it.,Agreeableness+,0.36352900
Sympathize with others' feelings.,Agreeableness+,0.51993500
Sympathize with the homeless.,Agreeableness+,0.3873820
Take an interest in other people's lives.,Agreeableness+,0.41584100
Take others' interests into account.,Agreeableness+,0.49194700
Take part in community projects to help people who have less than me.,Agreeableness+,0.3424710
Take responsibility for what happens.,Agreeableness+,0.3566870
Take things as they come.,Agreeableness+,0.40586600
Take time out for others.,Agreeableness+,0.46560200
Tell other people what they want to hear so that they will do what I want them to do.,Agreeableness+,0.31103500
Tell others what I really think.,Agreeableness+,0.34038900
Tell the truth.,Agreeableness+,0.3606000
Tend to be admired by others.,Agreeableness+,0.47046200
Tend to live in the present.,Agreeableness+,0.45454000
Tend to think of alternatives when someone tells me how to do something.,Agreeableness+,0.37482200
Tend to vote for conservative political candidates.,Agreeableness+,0.2900350
Tend to vote for liberal political candidates.,Agreeableness+,0.30767200
Think of myself as a good and moral person.,Agreeableness+,0.3955230
Think of others as objects to be used for my personal pleasure.,Agreeableness+,0.40936700
Think of others first.,Agreeableness+,0.47692500
Think that all will be well.,Agreeableness+,0.43660000
Think that everybody should give some of their time and energy to help their town or country.,Agreeableness+,0.4109060
Think that everyone should get a fair share.,Agreeableness+,0.36748700
Think that I am in good medical condition.,Agreeableness+,0.34994700
Think that in difficult situations it is possible to find something to laugh or joke about.,Agreeableness+,0.41071100
Think that it is important to forgive people who have hurt me.,Agreeableness+,0.35254400
Think that others should do all the work.,Agreeableness+,0.31447100
Tolerate a lot from others.,Agreeableness+,0.5712070
Treat all people equally.,Agreeableness+,0.3387380
Treat all races and religions equally.,Agreeableness+,0.2599050
Treat everyone the same.,Agreeableness+,0.23476000
Treat my doctors and other professionals as my friends.,Agreeableness+,0.4146000
Treated my parents well.,Agreeableness+,0.3307110
Trust everyone.,Agreeableness+,0.49684200
Trust others.,Agreeableness+,0.58922800
Trust what people say.,Agreeableness+,0.46571300
Try hard to treat others with respect.,Agreeableness+,0.5107470
Try to act fairly in all situations.,Agreeableness+,0.5283780
Try to add some humor to whatever I do.,Agreeableness+,0.4231400
Try to always tell the truth.,Agreeableness+,0.30956800
Try to maintain a pleasant atmosphere.,Agreeableness+,0.5899560
Try to make my group members happy.,Agreeableness+,0.5058720
Try to make sure everyone in a group feels included.,Agreeableness+,0.47478100
Try to meet people I find attractive.,Agreeableness+,0.31607700
Try to please everyone.,Agreeableness+,0.5326800
Use laughter to brighten the days of others.,Agreeableness+,0.46245300
Use others for my own ends.,Agreeableness+,0.40568600
Usually end up laughing if the people around me are laughing.,Agreeableness+,0.36052100
Usually enjoy being with people.,Agreeableness+,0.40239300
Usually get my way with others.,Agreeableness+,0.33167800
Usually like to spend my free time with people.,Agreeableness+,0.28769400
Value cooperation over competition.,Agreeableness+,0.473278
Value having long-term close relationships with people.,Agreeableness+,0.37634400
Wait for others to lead the way.,Agreeableness+,0.40637500
"Want everything to be ""just right.""",Agreeableness+,0.4305270
Want others to attend to my needs first.,Agreeableness+,0.41869100
Want things done my way.,Agreeableness+,0.35168100
Want to be liked.,Agreeableness+,0.42403400
Want to be told I am right.,Agreeableness+,0.42262300
Want to mean something to others.,Agreeableness+,0.5080780
Want to please others.,Agreeableness+,0.5875190
Warm up quickly to others.,Agreeableness+,0.49260100
Will agree to anything.,Agreeableness+,0.37153600
Will believe anything.,Agreeableness+,0.35061900
Will do anything for money.,Agreeableness+,0.20924500
Will do anything for others.,Agreeableness+,0.41254100
Will do just about anything to please people.,Agreeableness+,0.31008200
Wish to stay young forever.,Agreeableness+,0.20831900
Would be good at rescuing people from a burning building.,Agreeableness+,0.31494800
Would be happier if I could afford to buy more things.,Agreeableness+,0.2705850
Would consider adopting a handicapped child.,Agreeableness+,0.28398300
Would enjoy being out on a sailboat during a storm.,Agreeableness+,0.2825700
Would rather give than take.,Agreeableness+,0.40648300
Admit mistakes.,Conscientiousness-,0.43612600
Always seem to be losing things.,Conscientiousness-,0.4014980
Am a bad loser.,Conscientiousness-,0.37706100
Am a corrupt person.,Conscientiousness-,0.38253000
Am continually losing things.,Conscientiousness-,0.39741000
Am easily confused.,Conscientiousness-,0.46850600
Am easily disoriented.,Conscientiousness-,0.4944510
Am easily overpowered when decisions need to be made.,Conscientiousness-,0.3731930
Am easy to fool.,Conscientiousness-,0.36239600
Am inadequate.,Conscientiousness-,0.49426200
Am not a dependable person.,Conscientiousness-,0.48649900
Am not good at planning group activities.,Conscientiousness-,0.43157200
Am not good at sports.,Conscientiousness-,0.26025300
Am not good at taking charge of a group.,Conscientiousness-,0.42890700
Am not good at working with a group.,Conscientiousness-,0.39795000
Am not very good at getting things done.,Conscientiousness-,0.42226500
Am often down in the dumps.,Conscientiousness-,0.35646700
Am often late to work.,Conscientiousness-,0.29159700
Am often late.,Conscientiousness-,0.34146800
Am physically out of shape.,Conscientiousness-,0.29367500
Am quick to admit making a mistake.,Conscientiousness-,0.39513100
Am rarely aware of the texture of things that I hold.,Conscientiousness-,0.41355300
Am sluggish much of the time.,Conscientiousness-,0.33115700
Am unable to deal with the problems in my work.,Conscientiousness-,0.37764700
Am unable to do things properly.,Conscientiousness-,0.5125150
Am way too detail-oriented.,Conscientiousness-,0.38774200
Assume that most people lie or cheat to get ahead.,Conscientiousness-,0.34922000
Believe that medical tests are often inaccurate.,Conscientiousness-,0.4237410
Believe that too much tax money goes to support artists.,Conscientiousness-,0.22847300
Believe that unfortunate events occur because of bad luck.,Conscientiousness-,0.44501900
Believe that we coddle criminals too much.,Conscientiousness-,0.3537210
Blame my mistakes on others.,Conscientiousness-,0.44398200
Borrow money that I won't pay back.,Conscientiousness-,0.278818
Break rules.,Conscientiousness-,0.46228300
Can never find anything.,Conscientiousness-,0.11813900
Can spot faulty reasoning.,Conscientiousness-,0.595337
Cannot be counted on to get things done.,Conscientiousness-,0.4326020
Cannot stop thinking about all of my mistakes.,Conscientiousness-,0.39410500
Can't afford to buy things I need.,Conscientiousness-,0.20674600
Can't come up with new ideas.,Conscientiousness-,0.3722790
Can't concentrate.,Conscientiousness-,0.43146400
Can't hold onto money for long.,Conscientiousness-,0.3862820
Can't make up my mind.,Conscientiousness-,0.33429900
Can't put my ideas into practice.,Conscientiousness-,0.43923100
Cause accidents.,Conscientiousness-,0.45516500
Cheat to get ahead.,Conscientiousness-,0.34719200
Cheated my way through school.,Conscientiousness-,0.26082800
Come up with unworkable plans.,Conscientiousness-,0.64769400
Detect mistakes.,Conscientiousness-,0.5654090
Dislike having to do more than one task at a time.,Conscientiousness-,0.34369400
Do improper things.,Conscientiousness-,0.63120200
Do too little work.,Conscientiousness-,0.4567950
Doubt that most politicians are corrupt.,Conscientiousness-,0.37838000
Easily lose my train of thought.,Conscientiousness-,0.46220400
Easily lose track of reality.,Conscientiousness-,0.4566750
Excel in nothing at all.,Conscientiousness-,0.07433600
Expect things to fail.,Conscientiousness-,0.4911160
Feel that my life lacks direction.,Conscientiousness-,0.38621100
Find fault with everything.,Conscientiousness-,0.48542600
Find it difficult to break my bad habits.,Conscientiousness-,0.403236
Find it difficult to organize tasks and activities.,Conscientiousness-,0.4767240
Find it difficult to stay on one course.,Conscientiousness-,0.3710310
Found evidence that I had done things that I did not remember doing.,Conscientiousness-,0.28590900
Found new things among my belongings that I didn't remember buying.,Conscientiousness-,0.27932700
Frequently back out of plans.,Conscientiousness-,0.48778600
Frequently drop things.,Conscientiousness-,0.49751200
Frequently forget to do things.,Conscientiousness-,0.52537100
Frequently forget what I am doing.,Conscientiousness-,0.43326800
Frequently get so strongly absorbed in one thing that I lose sight of other things.,Conscientiousness-,0.36977100
Frequently get things mixed up in my head.,Conscientiousness-,0.41966700
Frequently take the blame for others' mistakes.,Conscientiousness-,0.41153000
Generally lack the energy to get things done.,Conscientiousness-,0.40225500
Get confused easily.,Conscientiousness-,0.5181000
Get in trouble with the law.,Conscientiousness-,0.36944800
Get so involved with things that I forget the time.,Conscientiousness-,0.3552700
Get upset if objects are not arranged properly.,Conscientiousness-,0.5447980
Get upset if others change the way that I have arranged things.,Conscientiousness-,0.42408700
Habitually blow my chances.,Conscientiousness-,0.44730900
Hardly ever finish things on time.,Conscientiousness-,0.38231900
Have been arrested at least once in the past.,Conscientiousness-,0.21198100
Have been arrested multiple times.,Conscientiousness-,0.18838200
Have been in trouble for failing to live up to my responsibilities.,Conscientiousness-,0.42623100
Have been told that I neglect other important parts of my life because I work so hard.,Conscientiousness-,0.2764240
Have deliberately not done my best.,Conscientiousness-,0.50811200
Have difficulty doing my work.,Conscientiousness-,0.52291300
Have difficulty keeping my attention on a task.,Conscientiousness-,0.45587500
Have difficulty starting tasks.,Conscientiousness-,0.47209700
Have done many terrible things.,Conscientiousness-,0.3893160
Have made a suicide plan in the past.,Conscientiousness-,0.28559800
Have medical problems that my doctors don't understand.,Conscientiousness-,0.33575900
Have noticed that I put my work ahead of too many other things.,Conscientiousness-,0.39533500
Have some bad habits.,Conscientiousness-,0.4922060
Have stolen things from time to time.,Conscientiousness-,0.32812100
Have stolen things many times.,Conscientiousness-,0.27430700
Have too little time to do what is needed.,Conscientiousness-,0.38372200
Have trouble admitting to mistakes.,Conscientiousness-,0.4861910
"Have trouble deciding even simple things, like where to eat dinner.",Conscientiousness-,0.3703040
Have trouble throwing away even worthless junk.,Conscientiousness-,0.51384700
Have used illegal drugs.,Conscientiousness-,0.26288800
"In tasks that I am not prepared for, attach great importance to the possibility of failure.",Conscientiousness-,0.46158300
Invent things that can go wrong.,Conscientiousness-,0.5733340
Lay down the law to others.,Conscientiousness-,0.3557820
Leave a mess in my room.,Conscientiousness-,0.35387300
Lose things.,Conscientiousness-,0.5473410
Make a mess of things.,Conscientiousness-,0.5413160
Make an issue out of everything.,Conscientiousness-,0.4749990
Make careless mistakes.,Conscientiousness-,0.6418850
Make excuses.,Conscientiousness-,0.4597550
Make mistakes.,Conscientiousness-,0.60570300
Make order out of chaos.,Conscientiousness-,0.47635100
Make problems bigger than they are.,Conscientiousness-,0.43330700
Make rash decisions.,Conscientiousness-,0.5116370
Mess things up.,Conscientiousness-,0.6256600
Misjudge situations.,Conscientiousness-,0.59747200
Misrepresent the facts.,Conscientiousness-,0.39907900
Misuse power.,Conscientiousness-,0.5623040
Mix up things.,Conscientiousness-,0.4897150
Often arrive late.,Conscientiousness-,0.36696400
Often cannot recall the exact route I took to get somewhere.,Conscientiousness-,0.2735570
Often can't remember what I ate yesterday.,Conscientiousness-,0.23822800
Often change plans at the last minute.,Conscientiousness-,0.3573100
Often do not know what time it is.,Conscientiousness-,0.32804800
Often forget things.,Conscientiousness-,0.5407620
Often forget to put things back in their proper place.,Conscientiousness-,0.5633810
Often forget what day it is.,Conscientiousness-,0.34674700
Often get out of things by making up good excuses.,Conscientiousness-,0.39252100
Often have disorganized thoughts.,Conscientiousness-,0.59680900
Often lose track of time.,Conscientiousness-,0.4382560
"Often make big, expensive purchases without thinking of the financial consequences.",Conscientiousness-,0.32644900
Often make decisions without regard for the mess they will cause.,Conscientiousness-,0.5681800
Often make plans that I do not follow through with.,Conscientiousness-,0.42120100
Often think about the possibility of negative outcomes that are not likely to occur.,Conscientiousness-,0.43702300
Overestimate my achievements.,Conscientiousness-,0.43287400
Overuse my credit.,Conscientiousness-,0.41476500
Point out others' mistakes.,Conscientiousness-,0.52246000
Quickly lose interest in the tasks I start.,Conscientiousness-,0.34962100
Rarely clean house.,Conscientiousness-,0.42662200
"Rarely finish doing things before they are actually due (such as paying bills, finishing work).",Conscientiousness-,0.32576700
Remember my failures more easily than my successes.,Conscientiousness-,0.37973400
Respond randomly to surveys and questionnaires.,Conscientiousness-,0.26064400
Return extra change when a cashier makes a mistake.,Conscientiousness-,0.3167040
See difficulties everywhere.,Conscientiousness-,0.46267800
See the real causes of problems.,Conscientiousness-,0.3840880
Seldom help out when people feel overwhelmed by things that need to be done.,Conscientiousness-,0.40996200
Smoke too many cigarettes.,Conscientiousness-,0.2989410
"Sometimes ""forget"" to do things on purpose.",Conscientiousness-,0.4895080
Spend more money than I should.,Conscientiousness-,0.3338580
Spill things.,Conscientiousness-,0.49753300
Steal things.,Conscientiousness-,0.31194800
Stumble over my words.,Conscientiousness-,0.5350060
Take tasks too lightly.,Conscientiousness-,0.47177400
Tend to hang on to things I should probably throw out.,Conscientiousness-,0.45453900
Think that most people in authority are incompetent or corrupt.,Conscientiousness-,0.45177600
Thought that my life had been a failure.,Conscientiousness-,0.28416700
Usually expect bad things to happen.,Conscientiousness-,0.4213700
Usually find it hard to go back and forth between two different tasks.,Conscientiousness-,0.38337100
View sex as a chore.,Conscientiousness-,0.3141810
Was a juvenile delinquent.,Conscientiousness-,0.25369900
Was down in the dumps.,Conscientiousness-,0.30010500
"Waste money, or lose it gambling.",Conscientiousness-,0.39536900
Waste my time.,Conscientiousness-,0.5020380
"When with a group, have difficulties selecting a good topic to talk about.",Conscientiousness-,0.36924600
Would knowingly sell something that broken or faulty.,Conscientiousness-,0.40028400
Would never make a high-risk investment.,Conscientiousness-,0.16717800
Would rather spend money than save it.,Conscientiousness-,0.25648600
Accomplish a lot of work.,Conscientiousness+,0.465653
Accomplish my work on time.,Conscientiousness+,0.44855500
Act properly in most situations.,Conscientiousness+,0.53221500
Adjust easily.,Conscientiousness+,0.37348600
Always know what I am doing.,Conscientiousness+,0.26220900
Always know why I do things.,Conscientiousness+,0.17633900
Always need to know who my partner is with.,Conscientiousness+,0.25516800
Ama firm believer in thinking things through.,Conscientiousness+,0.39758800
Am a goal-oriented person.,Conscientiousness+,0.39031900
Am a hard worker.,Conscientiousness+,0.38293900
Am a highly disciplined person.,Conscientiousness+,0.44656300
Am a perfectionist.,Conscientiousness+,0.41912400
Am a very good scam artist.,Conscientiousness+,0.22125200
Am able to fix electrical-wiring problems.,Conscientiousness+,0.23150600
Am able to work hard to achieve results that I will only get at a time far in the future.,Conscientiousness+,0.39811900
Am able to work hard to solve problems even when it takes a long time.,Conscientiousness+,0.293752
Am always aware of how I am presenting myself.,Conscientiousness+,0.3416220
Am always on time.,Conscientiousness+,0.20220700
Am always prepared.,Conscientiousness+,0.31092700
Am attached to conventional ways.,Conscientiousness+,0.35922100
Am careful to avoid making mistakes.,Conscientiousness+,0.5962990
Am careful to consider how things I do now will affect future outcomes.,Conscientiousness+,0.434261
Am convinced that my way is the best way.,Conscientiousness+,0.27930200
Am described by friends and family as a disciplined person.,Conscientiousness+,0.38853900
Am determined to finish a task when I start it.,Conscientiousness+,0.4413050
Am devoted to religion.,Conscientiousness+,0.21514300
Am exacting in my work.,Conscientiousness+,0.5791360
Am good at analyzing problems.,Conscientiousness+,0.47483500
Am good at motivating myself to work hard.,Conscientiousness+,0.31674900
Am good at saving money.,Conscientiousness+,0.3470310
Am good at setting goals for the future.,Conscientiousness+,0.41396000
Am interested in money to the point of being able to do risky jobs.,Conscientiousness+,0.22598000
Am known as a controlling person.,Conscientiousness+,0.37763400
Am looking for a job.,Conscientiousness+,0.21522300
Am mainly interested in money.,Conscientiousness+,0.22751100
Am quick to understand things.,Conscientiousness+,0.3617410
Am rigid in the way I want things organized.,Conscientiousness+,0.45026200
Am sure of my ground.,Conscientiousness+,0.31049800
Am true to my own values.,Conscientiousness+,0.3333440
Am usually pretty good at keeping track of several things that are happening around me.,Conscientiousness+,0.36330300
Am very aware of my surroundings.,Conscientiousness+,0.4297670
Am well-informed.,Conscientiousness+,0.49919500
Arrive on time.,Conscientiousness+,0.31511700
Avoid mistakes.,Conscientiousness+,0.5817430
Avoid throwing things away for fear that I might need them later.,Conscientiousness+,0.3916740
Behave properly.,Conscientiousness+,0.5929950
Believe in one true religion.,Conscientiousness+,0.29292700
Believe in the importance of tradition.,Conscientiousness+,0.31851500
Believe that children need firm discipline.,Conscientiousness+,0.34848100
Believe that important decisions should be based on logical reasoning.,Conscientiousness+,0.39176700
Believe that laws should be strictly enforced.,Conscientiousness+,0.3838970
Believe that planning ahead makes things turn out better.,Conscientiousness+,0.42124300
Believe that the end justifies the means.,Conscientiousness+,0.34051300
Believe that we should be tough on crime.,Conscientiousness+,0.39336600
Boss people around.,Conscientiousness+,0.35213000
Buy only the things I need.,Conscientiousness+,0.26141500
"Can change course, if necessary.",Conscientiousness+,0.3399090
Can control the outcome of events.,Conscientiousness+,0.38034500
Can easily link facts together.,Conscientiousness+,0.2707860
Can easily visualize how the freeways in my region link up.,Conscientiousness+,0.25664900
Can handle a lot of information.,Conscientiousness+,0.37311300
Can manage many things at the same time.,Conscientiousness+,0.417561
Can predict the outcome of events.,Conscientiousness+,0.33370600
Can sense how things will turn out.,Conscientiousness+,0.37370900
"Can stay focused on tasks, even when I'm happy and excited about an upcoming event.",Conscientiousness+,0.35703300
Can stay on a diet.,Conscientiousness+,0.3000950
"Can understand the ""rules of the groups"" of which I am a member.",Conscientiousness+,0.42202100
Can work under pressure.,Conscientiousness+,0.48365500
Care about justice.,Conscientiousness+,0.41655300
Carry out my plans.,Conscientiousness+,0.4060040
Check on things more often than necessary.,Conscientiousness+,0.45910100
Check over my work.,Conscientiousness+,0.5542810
Choose my words with care.,Conscientiousness+,0.45247200
Choose the easy way.,Conscientiousness+,0.27499600
Come straight to the point.,Conscientiousness+,0.30041900
Complete my duties as soon as possible.,Conscientiousness+,0.36877500
Complete tasks successfully.,Conscientiousness+,0.39105100
Consult the library or the Internet immediately if I want to know something.,Conscientiousness+,0.20492100
Continue until everything is perfect.,Conscientiousness+,0.35248800
Copy others.,Conscientiousness+,0.323429
Deal efficiently with practical matters.,Conscientiousness+,0.5901090
Demand perfection in myself.,Conscientiousness+,0.39114300
Demand quality.,Conscientiousness+,0.48369400
Do a lot of things just to avoid getting sick.,Conscientiousness+,0.34574900
Do as I am told.,Conscientiousness+,0.35607800
Do just enough work to get by.,Conscientiousness+,0.39407800
Do my tasks only just before they need to be done.,Conscientiousness+,0.38498400
Do things according to a plan.,Conscientiousness+,0.5325260
Do things at the last minute.,Conscientiousness+,0.33170400
Do things by the book.,Conscientiousness+,0.49167800
Do things in a logical order.,Conscientiousness+,0.560536
Do what's expected.,Conscientiousness+,0.46512300
Don't consider a task finished until it's perfect.,Conscientiousness+,0.38563100
Don't discard old pictures or snapshots,Conscientiousness+,0.32513900
Don't get sidetracked when I work.,Conscientiousness+,0.47869
Don't miss group meetings or team practices.,Conscientiousness+,0.40380900
Don't plan anything very far in advance.,Conscientiousness+,0.393213
Don't quit a task before it is finished.,Conscientiousness+,0.47118600
Examine my motives constantly.,Conscientiousness+,0.40080500
Excel in what I do.,Conscientiousness+,0.40128200
Expect dedicated work from others.,Conscientiousness+,0.496206
Expect nothing less than perfection.,Conscientiousness+,0.3541750
Feel compelled to count while I am doing things.,Conscientiousness+,0.45117100
Feel it is important to keep up appearances.,Conscientiousness+,0.471569
Feel that I have to repeat certain numbers.,Conscientiousness+,0.3821720
Feel that practice is as important as performance.,Conscientiousness+,0.3776430
Felt that everything I did was an effort.,Conscientiousness+,0.27022400
Find it necessary to please the people who have power.,Conscientiousness+,0.34958800
Find out things quickly.,Conscientiousness+,0.36833200
Find that I am able to pursue one goal for a long time.,Conscientiousness+,0.3712550
Finish tasks quickly.,Conscientiousness+,0.33690800
Finish things despite obstacles in the way.,Conscientiousness+,0.4296710
Finish what I start.,Conscientiousness+,0.4208220
Follow a schedule.,Conscientiousness+,0.48468600
Follow directions.,Conscientiousness+,0.5415600
Follow orders.,Conscientiousness+,0.47998900
Follow others.,Conscientiousness+,0.41768400
Follow the beaten track.,Conscientiousness+,0.2974100
Follow the rules.,Conscientiousness+,0.49350100
Follow through on my commitments.,Conscientiousness+,0.40465700
Follow through with my plans.,Conscientiousness+,0.41435300
Frequently visit medical websites to diagnose myself.,Conscientiousness+,0.24179600
Fulfill my duties without complaining.,Conscientiousness+,0.40573300
Get into my work.,Conscientiousness+,0.43676700
Get started quickly on doing a job.,Conscientiousness+,0.33935300
Get things done quickly.,Conscientiousness+,0.35223100
Get to the bottom of things.,Conscientiousness+,0.45241700
Get to the heart of the matter.,Conscientiousness+,0.36123400
Get to the point quickly.,Conscientiousness+,0.35744500
Get to work at once.,Conscientiousness+,0.29951100
Give priority to my own interests.,Conscientiousness+,0.40392800
Go through money quickly.,Conscientiousness+,0.24470000
Go to the doctor a lot.,Conscientiousness+,0.27558800
Guide my life using religious scriptures.,Conscientiousness+,0.2552510
Handle tasks smoothly.,Conscientiousness+,0.42651800
Have a conventional lifestyle.,Conscientiousness+,0.3904020
Have a good memory for things I've down throughout the day.,Conscientiousness+,0.32062800
Have a good sense of physical balance.,Conscientiousness+,0.45218800
Have a plan for what I want to be doing five years from now.,Conscientiousness+,0.3059410
Have a special ability to know what will happen before ithappens.,Conscientiousness+,0.42964900
Have all my senses intact.,Conscientiousness+,0.249474
Have an eye for detail.,Conscientiousness+,0.6106040
Have as much money as I need.,Conscientiousness+,0.17709100
Have complete confidence in my doctor.,Conscientiousness+,0.1352280
Have fixed opinions.,Conscientiousness+,0.4777830
Have hired a private detective to see if my partner/spouse was cheating on me.,Conscientiousness+,0.15988700
Have planned out exactly how I will die.,Conscientiousness+,0.13546400
Have read a lot.,Conscientiousness+,0.33861200
Have secret strategies.,Conscientiousness+,0.4685670
Have spent at least 30 minutes in the last 24 hours in prayer or meditation.,Conscientiousness+,0.2514570
Hold myself and others to very high standards.,Conscientiousness+,0.3922690
Hurry my work.,Conscientiousness+,0.53794400
Keep a cool head.,Conscientiousness+,0.4448490
Keep a sharp eye on others' work.,Conscientiousness+,0.5529100
Keep improving myself.,Conscientiousness+,0.4530670
Keep my appointments.,Conscientiousness+,0.38768600
Keep my checkbook balanced.,Conscientiousness+,0.45181200
Keep my hair fashionable.,Conscientiousness+,0.31866200
Keep myself well-groomed.,Conscientiousness+,0.4481180
Keep old traditions.,Conscientiousness+,0.3391180
Keep on the topic.,Conscientiousness+,0.47154900
Keep promises that I make to myself.,Conscientiousness+,0.34995100
Keep situations under control.,Conscientiousness+,0.53106100
Keep straight right from wrong.,Conscientiousness+,0.45646100
Keep things tidy.,Conscientiousness+,0.52118
Keep up an appearance.,Conscientiousness+,0.44539700
Know how things work.,Conscientiousness+,0.4924370
Know how to apply my knowledge.,Conscientiousness+,0.48713100
Know how to control myself.,Conscientiousness+,0.43514000
Know how to cope.,Conscientiousness+,0.4392960
Know how to do my job.,Conscientiousness+,0.49316500
Know how to do well on tests.,Conscientiousness+,0.43158800
Know how to fly a helicopter.,Conscientiousness+,0.2764050
Know how to get around the rules.,Conscientiousness+,0.39234700
Know how to get things done.,Conscientiousness+,0.4903790
Know how to play the bagpipes.,Conscientiousness+,0.20358900
Know immediately what to do.,Conscientiousness+,0.20952600
Know that I can improve myself.,Conscientiousness+,0.33840300
Know that my belief in God / a Higher Power helps me to understand my purpose in life.,Conscientiousness+,0.21669700
Know that my beliefs make my life important.,Conscientiousness+,0.2941760
Know that my decisions are correct.,Conscientiousness+,0.39834800
Know that the world would be a much better place if I were in charge.,Conscientiousness+,0.22624700
Know the answerstomany questions.,Conscientiousness+,0.4282300
"Know the names of many types of animals, birds, and plants.",Conscientiousness+,0.13379900
Know the proper thing to do.,Conscientiousness+,0.54184800
Know what I want.,Conscientiousness+,0.3240990
Know what is essential and what is not.,Conscientiousness+,0.5054280
Know what's going on in the world.,Conscientiousness+,0.38210400
Learn things at an acceptable rate.,Conscientiousness+,0.39163200
Like being well-dressed at all times.,Conscientiousness+,0.34075400
Like hard jobsbetterthan easy ones.,Conscientiousness+,0.3460910
Like order.,Conscientiousness+,0.53251500
Like to be viewed as proper and conventional.,Conscientiousness+,0.4106290
Like to be well prepared.,Conscientiousness+,0.48517800
"Like to collect information about things (cars, birds,numbers).",Conscientiousness+,0.30406000
Like to follow a regular schedule.,Conscientiousness+,0.39481400
Like to know how things work.,Conscientiousness+,0.37001600
Like to organize things.,Conscientiousness+,0.51028100
Like to plan ahead.,Conscientiousness+,0.53660100
Like to take a lot of photographs when I travel.,Conscientiousness+,0.2331250
Like to tidy up.,Conscientiousness+,0.40929000
Look after my health by eating well.,Conscientiousness+,0.32868300
Look at the facts.,Conscientiousness+,0.37384700
Look for something to hold on to.,Conscientiousness+,0.40845900
Love order and regularity.,Conscientiousness+,0.50582100
Make careful choices.,Conscientiousness+,0.5951270
Make certain that my plans will work.,Conscientiousness+,0.51099300
Make decisions only after I have all of the facts.,Conscientiousness+,0.24822100
Make decisions quickly.,Conscientiousness+,0.33555100
Make decisions slowly.,Conscientiousness+,0.519274
Make lists of things to do.,Conscientiousness+,0.33784100
Make my own rules.,Conscientiousness+,0.34957000
Make plans and stick to them.,Conscientiousness+,0.47488800
Make well-considered decisions.,Conscientiousness+,0.52062100
Must try to maintain harmony within my group.,Conscientiousness+,0.4896020
Need a lot of time to do things.,Conscientiousness+,0.37260000
Need protection.,Conscientiousness+,0.5084030
Need things to be arranged in a particular order.,Conscientiousness+,0.5160670
Need to know where my spouse or partner is at all times.,Conscientiousness+,0.22873600
Never spend more than I can afford.,Conscientiousness+,0.3419890
Often make last-minute plans.,Conscientiousness+,0.39927300
Only get what I want because I work hard for it.,Conscientiousness+,0.2678130
Only look at things from a single angle.,Conscientiousness+,0.3414070
Only want service from the top-qualified person in the field.,Conscientiousness+,0.25324100
Order people around.,Conscientiousness+,0.3937580
Pay attention to details.,Conscientiousness+,0.562085
Pay my bills on time.,Conscientiousness+,0.23648400
Plan for the future.,Conscientiousness+,0.493492
Plan my life logically.,Conscientiousness+,0.49760700
Prefer safety over risk.,Conscientiousness+,0.366266
Prefer to eat at expensive restaurants.,Conscientiousness+,0.14449800
Prefer to observe formalities.,Conscientiousness+,0.56037900
Prefer to stick with things that I know.,Conscientiousness+,0.33279400
Purchase only practical things.,Conscientiousness+,0.40067600
Put work above pleasure.,Conscientiousness+,0.4181160
Question my ability to do my work properly.,Conscientiousness+,0.5090930
Quickly get the idea of things.,Conscientiousness+,0.43614200
Read a lot.,Conscientiousness+,0.35875000
Reason logically.,Conscientiousness+,0.5107730
Remain calm during emergencies.,Conscientiousness+,0.4658220
Remain on guard to keep from being tricked or manipulated.,Conscientiousness+,0.48794900
"Repeatedly check doors, windows, and drawers.",Conscientiousness+,0.3802170
Respect authority.,Conscientiousness+,0.40258000
Return library books on time.,Conscientiousness+,0.24052600
Rule with an iron fist.,Conscientiousness+,0.2917920
See events as unavoidable.,Conscientiousness+,0.4186100
See that rules are observed.,Conscientiousness+,0.58184500
See through problems.,Conscientiousness+,0.48363500
See to my own needs first.,Conscientiousness+,0.44608100
Seek status.,Conscientiousness+,0.40916000
Seek to be the best.,Conscientiousness+,0.44044600
Seldom forget appointments.,Conscientiousness+,0.37949000
Set high standards for myself and others.,Conscientiousness+,0.38363900
Spend a lot of time reading.,Conscientiousness+,0.27435700
Spend a lot of time watching television.,Conscientiousness+,0.2449660
Stick to my chosen path.,Conscientiousness+,0.36619300
Stick to my point of view.,Conscientiousness+,0.4057670
Stick to my previous decisions.,Conscientiousness+,0.28708300
Stick to the facts.,Conscientiousness+,0.3776870
Stick to the rules.,Conscientiousness+,0.45244600
Strive in every way possible to be flawless.,Conscientiousness+,0.36647900
Take a long time to think before making big decisions.,Conscientiousness+,0.35355500
Take control of things.,Conscientiousness+,0.42134000
Take good care of my belongings.,Conscientiousness+,0.47695100
Take precautions.,Conscientiousness+,0.6679300
Take the time to finish things.,Conscientiousness+,0.48202600
Take things seriously.,Conscientiousness+,0.5282660
Tend to analyze things.,Conscientiousness+,0.5766790
Tend to know beforehand what a conversation partner is about to say.,Conscientiousness+,0.36014200
"Tend to organize my books, CDs, and other collections.",Conscientiousness+,0.3655460
Think that people need to learn restraint.,Conscientiousness+,0.49162800
Think up practical solutions.,Conscientiousness+,0.5343360
Try to examine myself objectively.,Conscientiousness+,0.48050800
Try to follow the rules.,Conscientiousness+,0.5174810
Try to have good reasons for my important decisions.,Conscientiousness+,0.38997000
Turn plans into actions.,Conscientiousness+,0.4367200
Understand things quickly.,Conscientiousness+,0.39049900
Use a lot of medications.,Conscientiousness+,0.3134010
Usually get right to work on something that needs to be done as soon as I think of it.,Conscientiousness+,0.36277600
Usually take care of my responsibilities as soon as possible.,Conscientiousness+,0.33998800
Usually take charge in emergencies.,Conscientiousness+,0.32444600
Want every detail taken care of.,Conscientiousness+,0.49168700
Want everything to add up perfectly.,Conscientiousness+,0.36653800
Want things to proceed according to plan.,Conscientiousness+,0.49746800
Want to keep things as they are.,Conscientiousness+,0.32199900
Watch out for possible danger.,Conscientiousness+,0.5207690
Weigh the pros against the cons.,Conscientiousness+,0.36350000
Weigh thepro'sand the con's.,Conscientiousness+,0.4360660
Work according to a routine.,Conscientiousness+,0.5408350
Work hard.,Conscientiousness+,0.4732200
Work longer hours than most people.,Conscientiousness+,0.277037
Work on improving myself.,Conscientiousness+,0.40852400
Worked hard when I was in school.,Conscientiousness+,0.29146300
Would always wear a helmet if I rode a bike.,Conscientiousness+,0.16257400
Would obtain specific information about the product before making a big purchase.,Conscientiousness+,0.38456200
Act according to my own feelings.,Emotional_Stability-,0.48512200
Act as if Im somebody else and completely identify myself with the part.,Emotional_Stability-,0.26903100
Act impulsively when something is bothering me.,Emotional_Stability-,0.56571600
Act like people younger than me.,Emotional_Stability-,0.3675730
Act or feel in a way that does not fit me.,Emotional_Stability-,0.5194150
Act out my frustrations on others.,Emotional_Stability-,0.5487810
Allow others to walk all over me.,Emotional_Stability-,0.35442000
Am a bully.,Emotional_Stability-,0.4063630
Am a chronic liar.,Emotional_Stability-,0.31072600
Am a cranky person.,Emotional_Stability-,0.5383020
Am a domineering person.,Emotional_Stability-,0.38793300
"Am a ""glass is half empty"" kind of person",Emotional_Stability-,0.45502500
Am a guilty person.,Emotional_Stability-,0.41075200
Am a jealous person.,Emotional_Stability-,0.56749700
Am a manipulative person.,Emotional_Stability-,0.45033700
Am a money-grubber.,Emotional_Stability-,0.33503800
Am a neat freak.,Emotional_Stability-,0.36717300
Ama person whose moods go up and down easily.,Emotional_Stability-,0.49657300
Am a pessimistic person.,Emotional_Stability-,0.5042260
Am a sadistic person.,Emotional_Stability-,0.46139800
Am a seductive person.,Emotional_Stability-,0.41052000
Am a spiritual person.,Emotional_Stability-,0.28708700
Am a strange person.,Emotional_Stability-,0.4898420
Am able to calm myself down quite quickly when upset.,Emotional_Stability-,0.25558300
Am able to describe my feelings easily.,Emotional_Stability-,0.26031500
"Am able to do what I should do, even when I feel scared.",Emotional_Stability-,0.31115800
Am able to get over it quickly when someone hurts my feelings.,Emotional_Stability-,0.30550800
Am able to see how other peoples' emotions can affect their behaviors.,Emotional_Stability-,0.42507900
Am afraid of heights.,Emotional_Stability-,0.36154900
Am afraid of losing control of my anger.,Emotional_Stability-,0.5555020
Am afraid of many things.,Emotional_Stability-,0.5152800
Am afraid of more things than others are.,Emotional_Stability-,0.5041210
Am afraid that I will do the wrong thing.,Emotional_Stability-,0.4632790
Am afraid that my life will be cut short by illness.,Emotional_Stability-,0.33147200
Am always in the same mood.,Emotional_Stability-,0.24217100
Am always worried about something.,Emotional_Stability-,0.52736800
Am always worried that my partner is going to leave me.,Emotional_Stability-,0.3218710
Am an eternal pessimist.,Emotional_Stability-,0.38188800
Am angry or distressed when my partner pays more attention to someone else.,Emotional_Stability-,0.4921050
Am apprehensive about new encounters.,Emotional_Stability-,0.5616390
"Am approached often by people who want help, advice, or guidance with their problems.",Emotional_Stability-,0.30431300
Am ashamed of myself.,Emotional_Stability-,0.40374900
Am aware of how my feelings are affecting other people.,Emotional_Stability-,0.45825600
Am aware of my feelings.,Emotional_Stability-,0.4721390
Am bothered by frequent aches and pains.,Emotional_Stability-,0.36245100
Am certain that I am being talked about.,Emotional_Stability-,0.3810560
Am chubby.,Emotional_Stability-,0.33355600
Am concerned about others.,Emotional_Stability-,0.59848900
Am considered to be kind of eccentric.,Emotional_Stability-,0.42135600
Am constantly reflecting about myself.,Emotional_Stability-,0.43422100
Am convinced my doctor is lying to me.,Emotional_Stability-,0.14146700
Am convinced that I am dying.,Emotional_Stability-,0.25902500
Am deeply moved by others' misfortunes.,Emotional_Stability-,0.4297500
Am dependent on others for things that I should be able to do myself.,Emotional_Stability-,0.3312780
Am described as grumpy.,Emotional_Stability-,0.51897700
Am eager to soothe hurt feelings.,Emotional_Stability-,0.47130600
Am easily annoyed.,Emotional_Stability-,0.46486800
Am easily controlled by others in my life.,Emotional_Stability-,0.3895810
Am easily discouraged in difficult situations.,Emotional_Stability-,0.44617400
Am easily discouraged.,Emotional_Stability-,0.44793800
Am easily distracted when I'm trying to focus my attention.,Emotional_Stability-,0.375405
Am easily distracted.,Emotional_Stability-,0.41350600
Am easily disturbed.,Emotional_Stability-,0.52594700
Am easily frightened.,Emotional_Stability-,0.5228160
Am easily frustrated.,Emotional_Stability-,0.51210500
Am easily hurt.,Emotional_Stability-,0.4510270
Am easily influenced.,Emotional_Stability-,0.4148600
Am easily intimidated.,Emotional_Stability-,0.46259500
Am easily moved to tears.,Emotional_Stability-,0.4413210
Am easily offended.,Emotional_Stability-,0.46520400
Am easily talked into doing silly things.,Emotional_Stability-,0.3680570
Am embarrassed by praise.,Emotional_Stability-,0.47478200
Am embarrassed to have people see my home.,Emotional_Stability-,0.41309700
Am excited to inflict pain on others.,Emotional_Stability-,0.41851300
Am filled with doubts about things.,Emotional_Stability-,0.49069900
Am forceful in relationships with friends and family.,Emotional_Stability-,0.38523000
Am generally a fearful person.,Emotional_Stability-,0.5589480
Am generally fearful of bad things that could happen.,Emotional_Stability-,0.49543100
Am good at using people's weak points to my advantage.,Emotional_Stability-,0.33805600
Am guided by my intuitions.,Emotional_Stability-,0.3878080
Am guided by my moods.,Emotional_Stability-,0.5303220
Am guided by superstitions.,Emotional_Stability-,0.31373600
Am inexplicably happy some of the time.,Emotional_Stability-,0.42556500
Am inflexible when I think I'm right.,Emotional_Stability-,0.46768500
Am known to be a very nervous or tense person.,Emotional_Stability-,0.58890600
Am nervous or tense most of the time.,Emotional_Stability-,0.560299
Am not a caring person.,Emotional_Stability-,0.48512200
Am not a joyful person.,Emotional_Stability-,0.53876900
Am not a very enthusiastic person.,Emotional_Stability-,0.5027320
Am not always honest with myself.,Emotional_Stability-,0.45654100
Amnot always what I appear to be.,Emotional_Stability-,0.43642000
Am not an empathic person.,Emotional_Stability-,0.5219770
Am not confident that my way of doing things will work out for the best.,Emotional_Stability-,0.4291030
Am not easily amused.,Emotional_Stability-,0.50114400
Am not easily made to feel jealous.,Emotional_Stability-,0.44581800
Am not fun to be with.,Emotional_Stability-,0.41392500
Am not good at describing the emotions I feel throughout the day.,Emotional_Stability-,0.46596800
Am not happy until all the details are taken care of.,Emotional_Stability-,0.4097850
Am not sure where my life is going.,Emotional_Stability-,0.27523800
Am not willing to let things rest.,Emotional_Stability-,0.43382900
Am odd.,Emotional_Stability-,0.50966000
Am often afraid of new or unexpected situations.,Emotional_Stability-,0.5021450
Am often afraid.,Emotional_Stability-,0.5922440
Am often aware how the color and lighting of a room affects my mood.,Emotional_Stability-,0.37274900
Am often consulted by my friends about their problems.,Emotional_Stability-,0.39384500
Am often fidgety.,Emotional_Stability-,0.530655
Am often in a bad mood.,Emotional_Stability-,0.51950500
Am often mistaken for being younger than my age.,Emotional_Stability-,0.35667700
Am often out for revenge.,Emotional_Stability-,0.42758100
Am often puzzled by sensations in my body.,Emotional_Stability-,0.4238360
Am often rushed.,Emotional_Stability-,0.46249100
Am often sensitive to the smoothness or roughness of objects that I touch.,Emotional_Stability-,0.38835600
Am often so restless that it is impossible for me to sit still.,Emotional_Stability-,0.40010500
Am often too truthful about others' flaws.,Emotional_Stability-,0.43302200
Am often worried by things that I said or did.,Emotional_Stability-,0.534322
Am open about my feelings.,Emotional_Stability-,0.41237000
Am out for my own personal gain.,Emotional_Stability-,0.38567100
Am paralyzed by a fear of rejection.,Emotional_Stability-,0.4394860
Am preoccupied with myself.,Emotional_Stability-,0.5268800
Am prone to addiction.,Emotional_Stability-,0.39337300
Am prone to altered states of consciousness.,Emotional_Stability-,0.4590520
Am prone to bouts of rage.,Emotional_Stability-,0.48546900
Am prone to complain about my health.,Emotional_Stability-,0.4474160
Am proud that I am an ordinary person.,Emotional_Stability-,0.285737
Am put off by people who touch or hug when speaking to me.,Emotional_Stability-,0.38776900
Am quick to quit when the going gets tough.,Emotional_Stability-,0.3198540
Am quick to think I'm about to be dumped or rejected.,Emotional_Stability-,0.47001100
Am rarely a patient person.,Emotional_Stability-,0.4460440
Am ready for a fight when someone tries to take advantage of me.,Emotional_Stability-,0.37358700
Am ready to hit someone when I get angry.,Emotional_Stability-,0.36073600
Am sad most of the time.,Emotional_Stability-,0.46260300
Am self-destructive.,Emotional_Stability-,0.42912600
Am so good at controlling others that it sometimes scares me.,Emotional_Stability-,0.41098600
Am sometimes so preoccupied with my own thoughts I don't realize others are trying to speak to me.,Emotional_Stability-,0.43736000
Am sometimes sure that other people can tell what I am thinking.,Emotional_Stability-,0.37883700
Am swayed by my emotions.,Emotional_Stability-,0.60031700
Am the last to laugh at ajoke.,Emotional_Stability-,0.33365300
Amthe most important person in someone else's life.,Emotional_Stability-,0.36060600
Amuncomfortable touching other people in intimate situations.,Emotional_Stability-,0.50055200
Am under constant pressure.,Emotional_Stability-,0.3813710
Am unpredictable--people never know what I am going to say.,Emotional_Stability-,0.35206300
"Am usually aware of the emotions that are portrayed in various types of art (for example, painting, photography, music,dance).",Emotional_Stability-,0.33931900
Am usually aware of the way that I'm feeling.,Emotional_Stability-,0.38084000
Am usually convinced that my friends and romantic partners will betray me.,Emotional_Stability-,0.36081600
"Am usually in an average sort of mood, not too high and not too low.",Emotional_Stability-,0.40097900
Am usually skeptical about the future.,Emotional_Stability-,0.42773300
Am very insecure in my relationships.,Emotional_Stability-,0.54139700
Am very sensitive and easily hurt.,Emotional_Stability-,0.46474600
Am wary of others.,Emotional_Stability-,0.5690620
Am willing to talk about myself.,Emotional_Stability-,0.38421000
Ask too many questions.,Emotional_Stability-,0.37987400
Assume that most people are in it only for themselves.,Emotional_Stability-,0.3578370
Avoid dealing with uncomfortable emotions.,Emotional_Stability-,0.5820680
Avoid the things I fear at all costs.,Emotional_Stability-,0.45042600
Become aggressive when I feel hurt.,Emotional_Stability-,0.4873490
Become angry when I am not invited to a social event.,Emotional_Stability-,0.4051030
Become anxious in new situations.,Emotional_Stability-,0.7174520
Become easily frightened.,Emotional_Stability-,0.6053740
Become emotional for no apparent reason.,Emotional_Stability-,0.54602800
Become intrusive in relationships.,Emotional_Stability-,0.52546500
Become overwhelmed by events.,Emotional_Stability-,0.5486420
Begin to panic when there is danger.,Emotional_Stability-,0.53379700
Behave as if my work is more important than anything else.,Emotional_Stability-,0.37084600
Believe I have supernatural powers.,Emotional_Stability-,0.27387100
Believe in psychic forces and fortune telling.,Emotional_Stability-,0.25089700
Believe that appearances are important.,Emotional_Stability-,0.43097300
Believe that crying helps me feel better.,Emotional_Stability-,0.4151880
Believe that emotions give direction to life.,Emotional_Stability-,0.38980600
Believe that events in my life are determined only by me.,Emotional_Stability-,0.24427700
Believe that I have a serious disease.,Emotional_Stability-,0.43529300
Believe that it is more important to be myself than to be popular.,Emotional_Stability-,0.38422700
Believe that it's dangerous to show your real feelings.,Emotional_Stability-,0.54648000
Believe that most people only care about themselves.,Emotional_Stability-,0.3685300
Believe worry causes me to lose sleep.,Emotional_Stability-,0.4508510
Blame myself for anything that goes wrong.,Emotional_Stability-,0.36821100
Blend into the crowd.,Emotional_Stability-,0.32416900
Boast about my virtues.,Emotional_Stability-,0.50316400
Bottle up my feelings.,Emotional_Stability-,0.58192900
Burst into tears.,Emotional_Stability-,0.330006
Buy more than I need.,Emotional_Stability-,0.25599100
Call my friends when they are sick.,Emotional_Stability-,0.26261500
Can be confused about the emotions I'm feeling.,Emotional_Stability-,0.54241900
Can control my emotions.,Emotional_Stability-,0.45580300
Can easily become furious.,Emotional_Stability-,0.46395600
Can face my fears.,Emotional_Stability-,0.5129670
"Can get anxious, depressed, or irritable for no reason.",Emotional_Stability-,0.5288410
Can get out of difficult situations.,Emotional_Stability-,0.41084400
"Can go from cheerful to furious, or vice versa, very quickly.",Emotional_Stability-,0.46487900
Can see the funny side of a painful situation.,Emotional_Stability-,0.51074700
Can sense the presence of strange persons or forces.,Emotional_Stability-,0.45753200
Can sense when danger or harm is coming.,Emotional_Stability-,0.4547520
Can stand a great deal of stress.,Emotional_Stability-,0.3850060
Cannot control the urge to hurt myself when something goes wrong.,Emotional_Stability-,0.48996200
Cannot seem to deal with stress at work/school.,Emotional_Stability-,0.345786
Can't control my impulses when I'm really stressed.,Emotional_Stability-,0.47652500
Can't find the right words for my feelings.,Emotional_Stability-,0.43309100
Can't help but look upset when something bad happens.,Emotional_Stability-,0.6138500
Can't keep to the subject.,Emotional_Stability-,0.4856930
Can't remember the last time I smiled.,Emotional_Stability-,0.33733100
Can't remember the last time I thought about sex.,Emotional_Stability-,0.23369300
Can't see for awhile (as if I am blind).,Emotional_Stability-,0.29529500
Can't stand being alone.,Emotional_Stability-,0.45232700
Can't stand being late.,Emotional_Stability-,0.31918500
Can't stand on my own.,Emotional_Stability-,0.41220700
Can't stand waiting.,Emotional_Stability-,0.44616600
Can't think clearly when under pressure.,Emotional_Stability-,0.5114620
Change my mood a lot.,Emotional_Stability-,0.4279260
Confuse fantasies with real memories.,Emotional_Stability-,0.4185040
Control others by my anger.,Emotional_Stability-,0.42112100
Cope poorly with stress.,Emotional_Stability-,0.52027500
Count on others too much.,Emotional_Stability-,0.45824200
Crave romantic touch.,Emotional_Stability-,0.5187470
Crave the attention I get after hurting myself.,Emotional_Stability-,0.4315640
Cry during movies.,Emotional_Stability-,0.47698500
Cry easily.,Emotional_Stability-,0.4426280
Deal with anger by acting out.,Emotional_Stability-,0.45225800
Disclose my intimate thoughts.,Emotional_Stability-,0.5292050
Discuss my health problems with my family and friends.,Emotional_Stability-,0.34795900
Dislike being around happy people when I'm feeling sad.,Emotional_Stability-,0.49297600
Dislike looking at my body.,Emotional_Stability-,0.3827350
Dislike looking at myself in the mirror.,Emotional_Stability-,0.41460800
Dislike when my friends spend too much time with other friends.,Emotional_Stability-,0.3677720
Do not easily share my feelings with others.,Emotional_Stability-,0.51714800
Do not plan ahead.,Emotional_Stability-,0.4439830
Do things that I don't like to make others happy.,Emotional_Stability-,0.4905940
Do things that I later regret.,Emotional_Stability-,0.37143300
Don't act is if I'm a special person.,Emotional_Stability-,0.48112400
Don't enjoy being in the spotlight.,Emotional_Stability-,0.4734530
Don't get excited about things.,Emotional_Stability-,0.4822560
Don't get particularly upset when I lose things.,Emotional_Stability-,0.39222600
Don't have strong feelings about anyone or anything.,Emotional_Stability-,0.35790100
Don't know how to handle myself in a new social situation.,Emotional_Stability-,0.3925120
Don't know what I really want.,Emotional_Stability-,0.25295100
Don't know what's going on inside me.,Emotional_Stability-,0.3914340
Don't know why I do some of the things I do.,Emotional_Stability-,0.3322270
Don't know why I'm angry.,Emotional_Stability-,0.37436500
Don't let little things anger me.,Emotional_Stability-,0.44791500
Don't like getting dirt on my hands.,Emotional_Stability-,0.3469310
Don't like to ponder over things.,Emotional_Stability-,0.4371010
Don't lose my head.,Emotional_Stability-,0.4602630
Don't pretend to be more than I am.,Emotional_Stability-,0.43309400
Don't see much hope for myself.,Emotional_Stability-,0.45081600
Don't think about more possibilities than the one I like first.,Emotional_Stability-,0.36428700
Don't think as well as I used to.,Emotional_Stability-,0.4104630
Don't think of tomorrow.,Emotional_Stability-,0.3806170
Don't think straight when I am upset.,Emotional_Stability-,0.5706200
Don't understand people who get emotional.,Emotional_Stability-,0.44413000
Don't worry about things that have already happened.,Emotional_Stability-,0.34529100
"Doubt reports of so-called ""mystical experiences.""",Emotional_Stability-,0.32217700
Dread getting up in the morning.,Emotional_Stability-,0.37480400
Dress to attract sexual attention.,Emotional_Stability-,0.35505300
Dress to make an impression.,Emotional_Stability-,0.38810900
Dwell on the past.,Emotional_Stability-,0.42150700
Enjoy dreaming about a perfect mate.,Emotional_Stability-,0.3637060
Enjoy examining myself and my life.,Emotional_Stability-,0.43170200
Enjoy having control over someone.,Emotional_Stability-,0.40185400
Enjoy hurting someone physically.,Emotional_Stability-,0.3401050
Enjoy injuring myself.,Emotional_Stability-,0.36436500
Enjoy manipulating other people's feelings.,Emotional_Stability-,0.45558100
Enjoy the feel of self-inflicted pain.,Emotional_Stability-,0.46350700
Enjoy the feeling of scalding myself with hot water.,Emotional_Stability-,0.2870760
Enjoy the thrill that comes with fearful situations.,Emotional_Stability-,0.5107730
Enjoy torturing people.,Emotional_Stability-,0.28432800
Exaggerate things.,Emotional_Stability-,0.45188000
Expect the worst to happen.,Emotional_Stability-,0.37661700
Experience a lot of physical pain.,Emotional_Stability-,0.35791700
Experience deep emotions when I see beautiful things.,Emotional_Stability-,0.43710100
Experience longer periods of sadness or depression than other people seem to.,Emotional_Stability-,0.36702800
Experience moods that bounce around like a pinball machine.,Emotional_Stability-,0.46590400
Experience my emotions intensely.,Emotional_Stability-,0.4622020
Experience pangs ofhunger that causeme to devour everything insight.,Emotional_Stability-,0.45278000
Experience panic spells.,Emotional_Stability-,0.5333410
Experience very few emotional highs and lows.,Emotional_Stability-,0.4096920
Express childlike joy.,Emotional_Stability-,0.38210800
Express my affection physically.,Emotional_Stability-,0.3964490
Face problems directly.,Emotional_Stability-,0.3401270
Fear dying from a lingering or painful illness.,Emotional_Stability-,0.50308800
Fear for the worst.,Emotional_Stability-,0.538422
Fear nothing.,Emotional_Stability-,0.4593570
Fear that others will hate me.,Emotional_Stability-,0.42306100
Feel a sense of not being real.,Emotional_Stability-,0.4960790
Feel a sense of worthlessness or hopelessness.,Emotional_Stability-,0.5170170
Feel a special sense of destiny or prophecy.,Emotional_Stability-,0.45003600
Feel a strong need to hold on to my possessions.,Emotional_Stability-,0.4424010
Feel a strong sense of oneness with everything around me.,Emotional_Stability-,0.3817210
Feel attacked by others.,Emotional_Stability-,0.53029700
Feel badly if my words or actions cause someone else to feel emotional pain.,Emotional_Stability-,0.46743800
Feel completely overwhelmed when things don't go as planned.,Emotional_Stability-,0.40936800
Feel controlled by powerful people.,Emotional_Stability-,0.43748000
Feel crushed by setbacks.,Emotional_Stability-,0.45986100
Feel desperate.,Emotional_Stability-,0.59926900
Feel emotionally damaged.,Emotional_Stability-,0.570655
Feel emotions with extreme intensity.,Emotional_Stability-,0.5101440
Feel excited or happy for no apparent reason.,Emotional_Stability-,0.5359170
Feel excited when I think about the future.,Emotional_Stability-,0.4083370
Feel good when others notice how I have hurt myself.,Emotional_Stability-,0.44425
"Feel guilty as if I had committed a crime, although I did not really commit one.",Emotional_Stability-,0.34798000
Feel guilty much of the time.,Emotional_Stability-,0.48717600
Feel guilty when I believe that I have hurt someone's feelings.,Emotional_Stability-,0.45614300
"Feel guilty when I say ""no.""",Emotional_Stability-,0.43212100
Feel guilty when I see a policeman.,Emotional_Stability-,0.39703400
Feel I get so engrossed in fantasies that I lose track of reality.,Emotional_Stability-,0.36781800
Feel I have no control over my thoughts.,Emotional_Stability-,0.4402860
Feel like a failure when someone else succeeds.,Emotional_Stability-,0.42697100
Feel like a young person.,Emotional_Stability-,0.49231000
Feel like an imposter.,Emotional_Stability-,0.50384300
"Feel like I am ""falling apart"".",Emotional_Stability-,0.40868000
Feel like I have no control over what comes out of my mouth.,Emotional_Stability-,0.34508500
Feel like I wouldn't know what to do if I developed a serious illness.,Emotional_Stability-,0.35469000
Feel like people often are out to get something from me.,Emotional_Stability-,0.35872000
Feel little concern for others.,Emotional_Stability-,0.480891
"Feel my thoughts and emotions are often ""all over the place.""",Emotional_Stability-,0.5246800
Feel older than my age.,Emotional_Stability-,0.4090130
Feel others' emotions.,Emotional_Stability-,0.56926400
Feel paralyzed for awhile.,Emotional_Stability-,0.4537800
Feel relieved after inflicting pain on myself.,Emotional_Stability-,0.4344710
Feel restless a lot of the time.,Emotional_Stability-,0.4739790
Feel short-changed in life.,Emotional_Stability-,0.5005030
Feel smothered when others show deep concern towards me.,Emotional_Stability-,0.5886330
Feel sometimes that I all-of-a-sudden am in a strange place.,Emotional_Stability-,0.43310600
Feel that a deadly disease is always around the corner.,Emotional_Stability-,0.41624200
Feel that burning myself makes me feel better.,Emotional_Stability-,0.34818200
Feel that cutting myself helps me feel better.,Emotional_Stability-,0.2786010
Feel that having close friends is not especially important to me.,Emotional_Stability-,0.31408500
Feel that I am too fat.,Emotional_Stability-,0.24229100
Feel that I am too short.,Emotional_Stability-,0.31649700
Feel that I am too skinny.,Emotional_Stability-,0.26254500
Feel that I am too small.,Emotional_Stability-,0.35588700
Feel that I am too tall.,Emotional_Stability-,0.326793
Feel that I have done something wrong.,Emotional_Stability-,0.4407840
Feel that I know what people should be like.,Emotional_Stability-,0.30768200
Feel that I shouldn't have to wait for anything.,Emotional_Stability-,0.26732100
"Feel that I'm living in a dream, or see my life before me as if it were a movie.",Emotional_Stability-,0.30329500
Feel that I'm someone special.,Emotional_Stability-,0.4551440
Feel that I'm unable to deal with things.,Emotional_Stability-,0.43571700
Feel that many things are outside my control.,Emotional_Stability-,0.4618210
Feel that my anxiety overwhelms me.,Emotional_Stability-,0.5892410
Feel that my body is too large.,Emotional_Stability-,0.3045720
Feel that my life would be better if I owned certain things I don't have,Emotional_Stability-,0.28955300
Feel that my worry and anxiety is out of control.,Emotional_Stability-,0.5430570
Feel that nothing seems to make me feel good.,Emotional_Stability-,0.33696600
Feel that other people are often to blame for my problems.,Emotional_Stability-,0.38146500
Feel that other people are out to get me.,Emotional_Stability-,0.4110000
Feel that others are beneath me.,Emotional_Stability-,0.47947800
Feel that others are out to get me.,Emotional_Stability-,0.4343440
Feel that pain actually makes me feel better.,Emotional_Stability-,0.33437200
Feel that people and things around me are not real.,Emotional_Stability-,0.40596700
Feel that people are too dependent on me.,Emotional_Stability-,0.41054200
Feel that people or things change in their appearance when they really do not.,Emotional_Stability-,0.39276600
Feel that the pace of life is too fast.,Emotional_Stability-,0.370625
"Feel that the slightest problems are the ""end of the world.""",Emotional_Stability-,0.38136600
Feel that the things I own aren't all that important to me.,Emotional_Stability-,0.30696500
Feel that there are good and bad numbers.,Emotional_Stability-,0.37533400
Feel that too much modesty gets a person in trouble.,Emotional_Stability-,0.5097170
Feel that yelling helps me feel better.,Emotional_Stability-,0.38950500
Feel threatened easily.,Emotional_Stability-,0.59577500
Feel unbearable guilt much the time.,Emotional_Stability-,0.49086000
Feel uncomfortable when told that I am important.,Emotional_Stability-,0.53721300
Feel uneasy and concerned whenever I see a distressed look on a child's face.,Emotional_Stability-,0.5594560
Feel used by other people.,Emotional_Stability-,0.531746
Feel weak.,Emotional_Stability-,0.49747800
Felt close to my parents when I was a child.,Emotional_Stability-,0.30817400
Felt depressed.,Emotional_Stability-,0.5177710
Felt fearful.,Emotional_Stability-,0.626351
Felt like I was dreaming when I was awake.,Emotional_Stability-,0.28509100
Felt sad.,Emotional_Stability-,0.47459200
Felt that I could not move my hands or feet.,Emotional_Stability-,0.22091600
"Felt that I could not shake off the blues, even with help from my family or friends.",Emotional_Stability-,0.3718250
Find examination of my feelings useful in solving personal problems.,Emotional_Stability-,0.4911150
Find it bothersome that I can't afford to buy all the things I like.,Emotional_Stability-,0.28855500
Find it difficult showing people that I care about them.,Emotional_Stability-,0.48846100
Find it difficult showing people that I'm angry with them.,Emotional_Stability-,0.47480700
Find it difficult to control my own thoughts.,Emotional_Stability-,0.5609450
Find it difficult to entertain myself.,Emotional_Stability-,0.51002100
Find it difficult to get down to work.,Emotional_Stability-,0.40323300
Find it difficult to sit still for long periods of time.,Emotional_Stability-,0.44860100
Find it difficult to touch an object that has been touched by others.,Emotional_Stability-,0.50241800
Find it easy to manipulate others.,Emotional_Stability-,0.3360600
Find it hard to describe how I feel about people.,Emotional_Stability-,0.46261500
Find it hard to know what people are really feeling.,Emotional_Stability-,0.47184000
Find it hard to stay in a bad mood if the people around me are happy.,Emotional_Stability-,0.46846600
Find it hard to tell others' thoughts by their looks.,Emotional_Stability-,0.47089400
Find it very annoying to have to wait a few minutes for a phone connection.,Emotional_Stability-,0.3132170
Find life difficult.,Emotional_Stability-,0.45489000
"Find myself in the same kinds of trouble, time after time.",Emotional_Stability-,0.42877300
Find myself picking up the mood of others.,Emotional_Stability-,0.5242520
Find some pleasure in hurting myself physically.,Emotional_Stability-,0.4044850
Find that in one situation I act so differently from when I'm inanother situation that I feel almost as if I were two different people.,Emotional_Stability-,0.43580800
Find that it takes a lot to make me feel angry at someone.,Emotional_Stability-,0.43962500
Find that it takes a lot to make me feel frustrated or irritated.,Emotional_Stability-,0.45458700
Find that it's hard for me to have fun.,Emotional_Stability-,0.41328700
Find that my impulses often get me into trouble.,Emotional_Stability-,0.48562000
Find that my thoughts are racing.,Emotional_Stability-,0.5093870
"Find that once I have a new friend, I sometimes try too hard to keep them.",Emotional_Stability-,0.4065570
Find that people tell me their feelings.,Emotional_Stability-,0.46523100
Follow my instincts.,Emotional_Stability-,0.39747300
Forego things that are bad for me in the long run even if they make me feel good in the short run.,Emotional_Stability-,0.38803
Found myself dressed in clothes I didn't remember putting on.,Emotional_Stability-,0.28833600
Found that I became so involved in a fantasy or daydream that it felt like it was really happening to me.,Emotional_Stability-,0.2786800
Found that I heard voices inside my head that told me to do things or commented on things that I was doing.,Emotional_Stability-,0.30758600
Frequently have thoughts about killing myself.,Emotional_Stability-,0.38582000
Get a kick out of really scaring people.,Emotional_Stability-,0.40463700
Get a rushfrom other people lusting after me.,Emotional_Stability-,0.41762900
Get a thrill out of doing things that might kill me.,Emotional_Stability-,0.3950810
Get a thrill out of ripping off others.,Emotional_Stability-,0.37414100
Get angry easily.,Emotional_Stability-,0.43514500
Get angry more easily than most people.,Emotional_Stability-,0.41962200
Get angry when myfriends goesout without me.,Emotional_Stability-,0.4151560
Get as excited about the good fortunes of others as I am about my own.,Emotional_Stability-,0.4948930
Get caught up in my problems.,Emotional_Stability-,0.5264700
Get caught up in the excitement when others are celebrating.,Emotional_Stability-,0.3684390
Get easily agitated.,Emotional_Stability-,0.5510550
Get fed up easily.,Emotional_Stability-,0.43253400
Get furious.,Emotional_Stability-,0.4184890
Get impatient when others talk to me about their problems.,Emotional_Stability-,0.4826670
Get into moods where I feelveryspeeded up and irritable.,Emotional_Stability-,0.5879200
Get irritated easily.,Emotional_Stability-,0.5089800
Get jealous easily.,Emotional_Stability-,0.5174250
Get lost in my dreams.,Emotional_Stability-,0.3379170
Get nauseous when I see or think of spoiled food.,Emotional_Stability-,0.3958560
Get out of control.,Emotional_Stability-,0.47464500
Get overwhelmed by emotions.,Emotional_Stability-,0.6117470
Get physically ill when things aren't going well for me.,Emotional_Stability-,0.4168070
Get pretty sweaty in new situations.,Emotional_Stability-,0.4975880
Get puzzled by my own thoughts and feelings.,Emotional_Stability-,0.56291600
Get restless when I spend too much time at home.,Emotional_Stability-,0.35570200
Get sick more often than my friends.,Emotional_Stability-,0.33463800
Get stressed out easily.,Emotional_Stability-,0.50291700
Get stressed out much more than most people.,Emotional_Stability-,0.4927000
Get suspicious when my spouse or partner says they are working late.,Emotional_Stability-,0.35927600
Get upset by unpleasant thoughts that come into my mind.,Emotional_Stability-,0.60259000
Get upset easily.,Emotional_Stability-,0.4674770
Get upset if I see an animal in pain,Emotional_Stability-,0.4136360
Get upset if I see people suffering on news programs.,Emotional_Stability-,0.43664000
"Get upset if something is stolen from me, even if it has little monetary value.",Emotional_Stability-,0.3531080
Get upset when I can't pursue my current interests.,Emotional_Stability-,0.43003100
Get upset when others don't notice how I look.,Emotional_Stability-,0.46669500
Get upset when others notice how I look.,Emotional_Stability-,0.5256530
Get very anxious or angry when my spouse or romantic partner is meeting someone else.,Emotional_Stability-,0.5457370
Give in to my urges.,Emotional_Stability-,0.44987700
Go into situations expecting nothing but the worst to occur.,Emotional_Stability-,0.430157
Go to bed immediately if I feel that I'm getting sick.,Emotional_Stability-,0.16317300
Gossip about others.,Emotional_Stability-,0.45898500
Got in trouble a lot at school.,Emotional_Stability-,0.29528600
Grow stiff for awhile.,Emotional_Stability-,0.3820130
Had crying spells.,Emotional_Stability-,0.4885220
Had the experience of being accused of lying when I did not think I had lied.,Emotional_Stability-,0.27337400
"Had the experience of feeling as though I was standing next to myself, or watching myself as if I was looking at a different person.",Emotional_Stability-,0.43169800
Had the experience of feeling that my body did not belong to me.,Emotional_Stability-,0.34701900
"Had the experience of feeling that other people, objects, and the world around me were not real.",Emotional_Stability-,0.3455970
Had the experience of looking in a mirror and not recognizing myself.,Emotional_Stability-,0.41732500
"Had the experience of not being sure whether things I remember happening really did happen, or whether I just dreamed them.",Emotional_Stability-,0.2438660
Had the experience of remembering a past event so vividly that it felt like I was reliving that event.,Emotional_Stability-,0.31476500
Had thoughts about death.,Emotional_Stability-,0.3993060
Had trouble keeping my mind on what I was doing.,Emotional_Stability-,0.3440380
Hate waiting for anything.,Emotional_Stability-,0.394566
"Have a ""couldn't care less"" attitude.",Emotional_Stability-,0.4355280
Have a dark outlook on the future.,Emotional_Stability-,0.52587400
"Have a dark, depraved, or evil side that I keep to myself.",Emotional_Stability-,0.45872800
Have a hard time cheering myself up.,Emotional_Stability-,0.5431320
Have a hard time keeping my feelings in check.,Emotional_Stability-,0.5490410
Have a high opinion of myself.,Emotional_Stability-,0.43036900
Have a low opinion of myself.,Emotional_Stability-,0.48035500
Have a mouth that gets me into trouble.,Emotional_Stability-,0.4067320
Have a rebellious side that gets me into trouble.,Emotional_Stability-,0.4428820
Have a violent temper.,Emotional_Stability-,0.43399300
Have already gotten more than I deserve.,Emotional_Stability-,0.31593000
Have attacks that resemble an epileptic fit.,Emotional_Stability-,0.40069500
Have attempted to kill myself.,Emotional_Stability-,0.32474300
Have bad things happen to me for no reason.,Emotional_Stability-,0.3761580
Have become extremely jealous in my lifetime.,Emotional_Stability-,0.50415500
Have been accused of being too protective in romantic relationships.,Emotional_Stability-,0.46738200
Have been depressed for much of my life.,Emotional_Stability-,0.37396100
Have been described as a jealous person by others.,Emotional_Stability-,0.5007670
Have been in trouble for mouthing off to my boss.,Emotional_Stability-,0.33808600
Have been known to fly off the handle when distressed.,Emotional_Stability-,0.44498000
Have been told that I am strange or weird.,Emotional_Stability-,0.3677990
Have been told that I have trust issues in relationships.,Emotional_Stability-,0.37234800
Have been told that my behavior often is bizarre.,Emotional_Stability-,0.43193200
"Have been told that my medical problems are ""all in my head.""",Emotional_Stability-,0.32404600
Have broken into someone else's house or car.,Emotional_Stability-,0.27825900
Have broken things when angry.,Emotional_Stability-,0.47372900
Have crying fits.,Emotional_Stability-,0.54598900
Have days when I'm mad at the world.,Emotional_Stability-,0.4876040
"Have deliberately risked my safety because I thought that it was ""the right thing to do.""",Emotional_Stability-,0.32767300
Have difficulty concentrating on the job at hand when I hear good news.,Emotional_Stability-,0.4804490
Have difficulty expressing my feelings.,Emotional_Stability-,0.56569500
Have difficulty feeling happy.,Emotional_Stability-,0.64592900
Have difficulty fitting in.,Emotional_Stability-,0.494695
Have difficulty getting rid of nasty thoughts.,Emotional_Stability-,0.5402750
Have difficulty keeping things in mind.,Emotional_Stability-,0.5321720
Have difficulty showing affection.,Emotional_Stability-,0.53639800
Have done things to deface my body.,Emotional_Stability-,0.33157600
Have eerie feelings.,Emotional_Stability-,0.6228060
Have fantasized about my funeral.,Emotional_Stability-,0.35475700
Have feelings that I can't quite identify.,Emotional_Stability-,0.51711200
Have felt so good during numerous moments in my life that I could not imagine feeling any better.,Emotional_Stability-,0.33666900
Have felt the presence of another person when he or she was not really there.,Emotional_Stability-,0.44856700
Have felt the presence of God / a Higher Power.,Emotional_Stability-,0.33224400
Have found that it takes a lot to make me feel truly happy.,Emotional_Stability-,0.41048000
Have frequent mood swings.,Emotional_Stability-,0.5328840
Have frequent thoughts about death.,Emotional_Stability-,0.4433330
Have frightening dreams.,Emotional_Stability-,0.4189230
Have gathered the means to kill myself.,Emotional_Stability-,0.31146600
Have given myself a scar intentionally.,Emotional_Stability-,0.34301000
Have gotten into more fights than most people.,Emotional_Stability-,0.2762860
Have guilty thoughts that I cannot get out of my mind.,Emotional_Stability-,0.5059370
Have had dreams of committing suicide.,Emotional_Stability-,0.29925700
Have had intense religious experiences.,Emotional_Stability-,0.330303
Have had strong impulses to just end it all.,Emotional_Stability-,0.3783700
Have had the feeling that I might not be human.,Emotional_Stability-,0.39295700
Have had the feeling that I was someone else.,Emotional_Stability-,0.38937900
Have had the feeling that my thoughts were audible.,Emotional_Stability-,0.42900500
Have had the feeling that other people have injected their thoughts into my mind.,Emotional_Stability-,0.4349690
Have had the sensation of being hypnotized.,Emotional_Stability-,0.39226000
"Have had the strange experience in which things seem ""more real"" than usual.",Emotional_Stability-,0.4265530
Have had thoughts of suicide.,Emotional_Stability-,0.3944940
Have hit myself purposely with heavy objects.,Emotional_Stability-,0.31199100
Have intense religious experiences which influence me in a strong manner.,Emotional_Stability-,0.29178200
Have intentionally burned my own skin.,Emotional_Stability-,0.32888300
Have intentionally done myself physical harm.,Emotional_Stability-,0.35384200
Have intentionally given myself alcohol poisoning.,Emotional_Stability-,0.27449800
Have little confidence in my decisions.,Emotional_Stability-,0.48274700
Have lost friends due to my jealousy.,Emotional_Stability-,0.4888060
Have lost relationships due to my jealousy.,Emotional_Stability-,0.47850300
Have lots of symptoms that don't make any sense to me or those around me.,Emotional_Stability-,0.3957830
Have many piercings.,Emotional_Stability-,0.28975500
Have mood swings that are completely out of control.,Emotional_Stability-,0.4070710
Have nerves of steel.,Emotional_Stability-,0.5200350
Have never cared much what others thought of me.,Emotional_Stability-,0.08414600
Have never considered myself a positive or happy person.,Emotional_Stability-,0.28588200
Have never felt real joy.,Emotional_Stability-,0.2858830
Have no interest in long-term romantic relationships.,Emotional_Stability-,0.22109500
Have noticed that friends or family become frustrated with my mood swings.,Emotional_Stability-,0.5088140
Have noticed that lying comes easily to me.,Emotional_Stability-,0.2894630
Have noticed that my emotions get me into trouble when I'm stressed.,Emotional_Stability-,0.5759430
Have noticed that people sometimes try to make me look foolish.,Emotional_Stability-,0.41865900
Have overcome pain and disappointment.,Emotional_Stability-,0.4439020
Have problems with my eyesight.,Emotional_Stability-,0.36872500
Have purposely cut myself to the point of scarring.,Emotional_Stability-,0.2935110
Have second thoughts.,Emotional_Stability-,0.46816400
Have sensed strange smells that others do not sense.,Emotional_Stability-,0.4374230
Have severe mood swings.,Emotional_Stability-,0.49638800
Have sometimes felt incredibly intense pleasure.,Emotional_Stability-,0.45244700
Have sometimes had to tell a lie.,Emotional_Stability-,0.33327600
Have special problems.,Emotional_Stability-,0.56509800
Have spied on a romantic partner because I thought he/she was cheating on me.,Emotional_Stability-,0.32606300
Have started many fist fights in my life.,Emotional_Stability-,0.28074600
Have strong emotional reactions to everyday hassles.,Emotional_Stability-,0.5371960
Have strong reactions to even minor problems in my life.,Emotional_Stability-,0.48465700
Have strong sexual urges.,Emotional_Stability-,0.42873900
Have strong urges sometimes to hurt myself.,Emotional_Stability-,0.4881820
Have taken pills with the intention of making myself sick.,Emotional_Stability-,0.3246350
"Have the feeling of being directed or controlled from outside, like a puppet on a string.",Emotional_Stability-,0.42377400
Have the power to cast spells on others.,Emotional_Stability-,0.33951000
Have thought about writing a suicide note.,Emotional_Stability-,0.36446000
Have thoughts of injuring myself.,Emotional_Stability-,0.46757200
Have thoughts of murdering people.,Emotional_Stability-,0.40539500
Have thoughts of torturing or harming others.,Emotional_Stability-,0.45339800
Have threatened to kill myself.,Emotional_Stability-,0.3317540
Have to be on guard against spells which strangers may cast upon me.,Emotional_Stability-,0.4810730
Have to hurt myself to relieve stress.,Emotional_Stability-,0.43855100
Have too many things to do.,Emotional_Stability-,0.3850480
Have too many thoughts that confuse me and others.,Emotional_Stability-,0.46427600
Have tried to poison myself.,Emotional_Stability-,0.3547060
Have trouble changing my behavior to suit the situation.,Emotional_Stability-,0.48008300
Have trouble coping when something goes wrong.,Emotional_Stability-,0.51442000
Have trouble dealing with even the smallest problems.,Emotional_Stability-,0.45812200
Have trouble getting interested in things.,Emotional_Stability-,0.4102100
"Have trouble relaxing, even with family or friends.",Emotional_Stability-,0.47181000
Have unpredictable emotions and moods.,Emotional_Stability-,0.5827050
Have urges to cut myself.,Emotional_Stability-,0.3908800
Have written a suicide note.,Emotional_Stability-,0.31651600
Immediately feel sad when hearing of an unhappy event.,Emotional_Stability-,0.4532770
Indulge in my fantasies.,Emotional_Stability-,0.49432200
Joke around a lot.,Emotional_Stability-,0.38455300
Judge people by their appearance.,Emotional_Stability-,0.36314100
Keep a lot of anger bottled up inside of me.,Emotional_Stability-,0.4603830
Keep my emotions under control.,Emotional_Stability-,0.51020000
"Keep my feelings to myself, regardless of how unhappy I am.",Emotional_Stability-,0.37924300
Keep my happy feelings to myself.,Emotional_Stability-,0.4698080
Keep peoplewaiting.,Emotional_Stability-,0.3920500
Know someone whom I really care about as a person.,Emotional_Stability-,0.33091800
Know that I'm a special person.,Emotional_Stability-,0.444008
Know that my anger is a problem.,Emotional_Stability-,0.48182100
Know that my friends consider me to be impulsive.,Emotional_Stability-,0.43731400
Know that sometimes my clothes don't match (and I don't care).,Emotional_Stability-,0.34373300
Know that there are people in my life who care as much for me as for themselves.,Emotional_Stability-,0.36790800
Know what makes others tick.,Emotional_Stability-,0.42418400
Lack confidence in what the future holds.,Emotional_Stability-,0.4679730
Laugh and cry at the same time.,Emotional_Stability-,0.466174
Laugh at others.,Emotional_Stability-,0.4149300
Laugh my way through life.,Emotional_Stability-,0.393523
Let myself be influenced by others.,Emotional_Stability-,0.4242310
Let myself be pushed around.,Emotional_Stability-,0.41721400
Let myself be taken over by urges to spend or eat too much.,Emotional_Stability-,0.42495200
Let myself be used.,Emotional_Stability-,0.447278
Let nothing escape my eye.,Emotional_Stability-,0.44263700
Let things get out of hand.,Emotional_Stability-,0.49446700
Let things just happen to me.,Emotional_Stability-,0.36049100
Lie to get myself out of trouble.,Emotional_Stability-,0.35860000
Like being the authoritywhohas everyone's attention.,Emotional_Stability-,0.3482680
Like being the center of attention at a party or a social meeting.,Emotional_Stability-,0.42558600
Like having authority over others.,Emotional_Stability-,0.39134100
Like having secrets.,Emotional_Stability-,0.48103100
Like people to notice me.,Emotional_Stability-,0.40880900
Like the feeling I get when an airplane experiences rough turbulence.,Emotional_Stability-,0.38770900
Like the feeling of being startled or shocked.,Emotional_Stability-,0.5305570
Like to attract attention.,Emotional_Stability-,0.4742550
Like to do frightening things.,Emotional_Stability-,0.42829300
Like to dress up formally.,Emotional_Stability-,0.32512900
Like to exaggerate my troubles.,Emotional_Stability-,0.58917200
Like to gossip.,Emotional_Stability-,0.4180860
Like to look at my body.,Emotional_Stability-,0.33237600
Like to look at myself in the mirror.,Emotional_Stability-,0.38867700
Like to own things that impress people,Emotional_Stability-,0.4031400
Like to show all sides of my emotions to the world.,Emotional_Stability-,0.41211000
Like to stand during the national anthem.,Emotional_Stability-,0.25866100
Like to talk about myself.,Emotional_Stability-,0.41635900
Like to turn heads when I walk into a room.,Emotional_Stability-,0.38064200
Like to watch movies that focus on passion and sex.,Emotional_Stability-,0.20679100
Listen to my feelings when making important decisions.,Emotional_Stability-,0.3918840
Listen to my heart rather than my brain.,Emotional_Stability-,0.37083000
Look at myself through others' eyes.,Emotional_Stability-,0.47390200
Look down on any weakness.,Emotional_Stability-,0.46761600
Look sad even on my best days.,Emotional_Stability-,0.5406750
Lose control over my behavior when I'm emotional.,Emotional_Stability-,0.4834670
Lose my temper.,Emotional_Stability-,0.45656200
Lose sight of what is most important in life.,Emotional_Stability-,0.42052400
Love dangerous situations.,Emotional_Stability-,0.47255200
Love roller coasters.,Emotional_Stability-,0.2585200
Love the feeling of being intimately close with someone.,Emotional_Stability-,0.37055500
Love the feeling of sexually arousing others.,Emotional_Stability-,0.34754600
Love to be the center of attention.,Emotional_Stability-,0.41418600
Love to look my best.,Emotional_Stability-,0.31628000
Make a fool of myself.,Emotional_Stability-,0.43906200
Make people feel uncomfortable.,Emotional_Stability-,0.5910230
Manage to make myself the center of attention.,Emotional_Stability-,0.43113200
Might actually enjoy being caught in an earthquake or tornado.,Emotional_Stability-,0.2896460
Might enjoy zipping through traffic on a motorcycle.,Emotional_Stability-,0.31068900
Might get a kick out of the sights and sounds of warfare.,Emotional_Stability-,0.32729900
Might sometimes seem eccentric.,Emotional_Stability-,0.4912680
Never give up hope.,Emotional_Stability-,0.3650390
Notice my emotions.,Emotional_Stability-,0.688199
Often act in odd or peculiar ways.,Emotional_Stability-,0.49270300
Often am concerned about diseases I might have.,Emotional_Stability-,0.46954100
Often am irritated with others.,Emotional_Stability-,0.49802900
Often become sweaty or flushed when faced with scary situations or people.,Emotional_Stability-,0.5125340
Often can't remember what I did yesterday.,Emotional_Stability-,0.27349800
Often drink too much.,Emotional_Stability-,0.41979800
Often eat too much.,Emotional_Stability-,0.32481000
Often enjoy watching others suffer.,Emotional_Stability-,0.35947800
Often express doubts.,Emotional_Stability-,0.5172610
Often feel blue.,Emotional_Stability-,0.4166620
Often feel like I have some physical ailment.,Emotional_Stability-,0.4197210
"Often feel like I'm being ""ripped off.""",Emotional_Stability-,0.42008100
"Often feel like others are ""up to something.""",Emotional_Stability-,0.47262800
Often feel overwhelmed with rage.,Emotional_Stability-,0.5109170
Often feel uncomfortable around others.,Emotional_Stability-,0.56471800
Often have a racing heart when things scare me.,Emotional_Stability-,0.5312320
Often have the experience of deja vu.,Emotional_Stability-,0.4973580
Often have the feeling that others laugh or talk about me.,Emotional_Stability-,0.36677300
Often make a fuss.,Emotional_Stability-,0.5273870
"Often notice how weather conditions (rain, snow, wind, sunshine) are used to convey the mood of the characters in a movie.",Emotional_Stability-,0.3366700
Often refrain from doing something because of my fear of being embarrassed.,Emotional_Stability-,0.4694930
Often stop to analyze how I'm feeling.,Emotional_Stability-,0.48285000
Often talk about death and dying.,Emotional_Stability-,0.29278700
Often think that I could do more things if it was not for my insecurity or fear.,Emotional_Stability-,0.47514400
Often worry about things that turn out to be unimportant.,Emotional_Stability-,0.46316200
Often worry about things to the extent that my intellectual performance is impaired.,Emotional_Stability-,0.44963500
Overreact to every little thing in life.,Emotional_Stability-,0.48832900
Own a formal dress or tuxedo.,Emotional_Stability-,0.32458700
Panic easily.,Emotional_Stability-,0.4807760
Pay a lot of attention to my feelings.,Emotional_Stability-,0.49876500
Place demands on myself.,Emotional_Stability-,0.5121980
Plan my life based on how I feel.,Emotional_Stability-,0.32601700
"Play ""mind games"" with others to get what I want.",Emotional_Stability-,0.35789800
Prefer fear to boredom.,Emotional_Stability-,0.43851000
Prefer talking to people about their daily activities rather than their feelings.,Emotional_Stability-,0.26797200
Prefer to let my feelings decide what I should do when making important decisions.,Emotional_Stability-,0.32933300
"Prefer to ""live in the moment"" rather than plan things out.",Emotional_Stability-,0.38228700
Pretend to be concerned for others.,Emotional_Stability-,0.61287700
Prevent things from getting out of hand.,Emotional_Stability-,0.5143430
Promise too much.,Emotional_Stability-,0.46305300
Pry into others' personal affairs.,Emotional_Stability-,0.4499970
Pull my hair out on purpose.,Emotional_Stability-,0.34192500
Put people under pressure.,Emotional_Stability-,0.45632900
Quickly notice when something is wrong.,Emotional_Stability-,0.43060900
Rarely analyze my emotions.,Emotional_Stability-,0.41260500
Rarely consider my feelings when making a decision.,Emotional_Stability-,0.25816600
Rarely count on good things happening to me.,Emotional_Stability-,0.40347800
Rarely cry during sad movies.,Emotional_Stability-,0.30391900
Rarely enjoy being with people.,Emotional_Stability-,0.29536400
Rarely feel happy in response to minor events.,Emotional_Stability-,0.44218900
Rarely get caught up in the excitement.,Emotional_Stability-,0.38185000
Rarely think about how I feel.,Emotional_Stability-,0.31725000
React negatively to the minor and major stresses of life.,Emotional_Stability-,0.51529600
React strongly when something goes wrong.,Emotional_Stability-,0.4846690
Reflect on things before acting.,Emotional_Stability-,0.47475000
Remain calm during stressful times.,Emotional_Stability-,0.50942600
Replay events in my head.,Emotional_Stability-,0.29380500
Reveal intimate details of my life easily.,Emotional_Stability-,0.27371300
Scratch myself until I bleed.,Emotional_Stability-,0.33526400
Scream at things.,Emotional_Stability-,0.45422400
See danger everywhere.,Emotional_Stability-,0.42212200
Seek danger.,Emotional_Stability-,0.48972000
Seldom feel sad for longer than an hour.,Emotional_Stability-,0.30442400
Seldom feel weepy while reading the sad part of a story.,Emotional_Stability-,0.3633150
Share my feelings with other people.,Emotional_Stability-,0.51529400
Shout or scream when I'm angry.,Emotional_Stability-,0.4367890
Show my fear.,Emotional_Stability-,0.60760000
Show my feelings when I'm happy.,Emotional_Stability-,0.46880900
Show my feelings.,Emotional_Stability-,0.5571330
Show my sadness.,Emotional_Stability-,0.5476500
Snap at people.,Emotional_Stability-,0.47886300
Sometimes end up believing my own lies.,Emotional_Stability-,0.356808
"Sometimes feel ""down"" for several hours from relatively small disappointments.",Emotional_Stability-,0.4399440
Sometimes feel as if I am looking at myself from outside.,Emotional_Stability-,0.4743530
Sometimes feel intense sadness because of minor events.,Emotional_Stability-,0.530505
Sometimes feel jealous of other people's situations.,Emotional_Stability-,0.57620000
Sometimes feel like I am dreaming while awake.,Emotional_Stability-,0.28889300
Sometimes find my friends to be irritating.,Emotional_Stability-,0.43307200
Sometimes forget what I'm trying to do.,Emotional_Stability-,0.43377000
Sometimes get lost in my daydreams.,Emotional_Stability-,0.39200200
Sometimes have a hard time concentrating on tasks when I'm very happy.,Emotional_Stability-,0.37231500
Sometimes have fantasies that are overwhelming.,Emotional_Stability-,0.4472690
Sometimes have to clean myself simply because I feel contaminated.,Emotional_Stability-,0.34460100
Sometimes have to do things over.,Emotional_Stability-,0.45101000
Sometimes have trouble making up my mind.,Emotional_Stability-,0.39996200
Sometimes know that something will happen before it actually does.,Emotional_Stability-,0.36299700
Sometimes think the TV is talking directly to me.,Emotional_Stability-,0.335842
Spend a lot of time creating a good image of myself in the eyes of others.,Emotional_Stability-,0.33051600
Spend a lot of time on the phone.,Emotional_Stability-,0.30395800
Spend much of the day fantasizing or daydreaming.,Emotional_Stability-,0.3892750
Spend time thinking about past mistakes.,Emotional_Stability-,0.42151000
Spend too much money when I'm emotional.,Emotional_Stability-,0.4517980
Start to perspire when I meet someone new.,Emotional_Stability-,0.5335200
Suffer from others' sorrows.,Emotional_Stability-,0.47991000
Suspect that my facial expressions give me away when I feel sad.,Emotional_Stability-,0.5607900
Take pleasure in watching people suffer.,Emotional_Stability-,0.3231400
Take pride in not exaggerating who or what I am.,Emotional_Stability-,0.4178000
Take risks that could cause trouble for me.,Emotional_Stability-,0.43367400
Take the blame when I'm at fault.,Emotional_Stability-,0.344306
Take time to reflect on things.,Emotional_Stability-,0.41812200
Talk about my worries.,Emotional_Stability-,0.6184710
Talk even when I know I shouldn't.,Emotional_Stability-,0.32199800
Talk mainly about myself.,Emotional_Stability-,0.41456200
Talk out loud to myself.,Emotional_Stability-,0.41476400
Talk to myself a lot.,Emotional_Stability-,0.39795000
Talked out loud to myself.,Emotional_Stability-,0.3549530
Tell people about it when I'm irritated.,Emotional_Stability-,0.42836100
Tell tall stories about myself.,Emotional_Stability-,0.3588800
"Tend to become agitated whenever I have to sit and wait for something (for instance, in a waiting room).",Emotional_Stability-,0.52212900
Tend to explode with anger when things don't go as planned.,Emotional_Stability-,0.4521100
Tend to feel happy and irritable at the same time.,Emotional_Stability-,0.5777470
Tend to feel the same every day.,Emotional_Stability-,0.28528300
Tend to feel very hopeless.,Emotional_Stability-,0.53196800
Tend to find social situations confusing.,Emotional_Stability-,0.50134000
Tend to focus on only the negative parts of my life.,Emotional_Stability-,0.36182200
Tend to get emotionally involved with a friend's problems.,Emotional_Stability-,0.53005700
Tend to worry about strange bodily sensations that I have.,Emotional_Stability-,0.54099200
Think about dying all the time.,Emotional_Stability-,0.33429900
Think about the causes of my emotions.,Emotional_Stability-,0.5785800
Think about what is good in my life when I feel down.,Emotional_Stability-,0.39180200
Think before I speak.,Emotional_Stability-,0.43887200
Think constantly about sex.,Emotional_Stability-,0.28030600
Think highly of myself.,Emotional_Stability-,0.40896000
Think I have a healthy way of dealing with my problems.,Emotional_Stability-,0.31469300
Think of things like developing cancer or catching a serious illness.,Emotional_Stability-,0.35372300
Think that being in touch with emotions is essential.,Emotional_Stability-,0.48444200
Think that love is overrated.,Emotional_Stability-,0.39294100
Think that my moods don't change more than most people's do.,Emotional_Stability-,0.39209000
Think too highly of myself.,Emotional_Stability-,0.48604300
Think twice before doing something.,Emotional_Stability-,0.42688500
Thought about killing myself.,Emotional_Stability-,0.35881600
Tremble in dangerous situations.,Emotional_Stability-,0.59066800
Try hard to protect myself from threats or dangers.,Emotional_Stability-,0.46988300
Try to always be open and honest about my feelings.,Emotional_Stability-,0.38268400
Try to be with someone else when I'm feeling badly.,Emotional_Stability-,0.4500920
Try to do too difficult things.,Emotional_Stability-,0.4552150
Try to identify the reasons for my actions.,Emotional_Stability-,0.4045370
Try to stay in touch with myself.,Emotional_Stability-,0.34250400
Try to tease my friends out of their gloomy moods.,Emotional_Stability-,0.5731730
Turn red with anger.,Emotional_Stability-,0.4599670
Turn ugly when I drink too much..,Emotional_Stability-,0.3704130
Typically spend much of the day daydreaming.,Emotional_Stability-,0.31226000
Understand the reasons when I feel very excited or happy.,Emotional_Stability-,0.46420500
Use magic to ward off bad thoughts about me.,Emotional_Stability-,0.46697900
Use my attractiveness to get what I want.,Emotional_Stability-,0.3484650
Use my charm to get attention.,Emotional_Stability-,0.4334700
Use my looks to get what I want.,Emotional_Stability-,0.3836280
Usually feel that life has been sucked right out of me.,Emotional_Stability-,0.32814000
"Usually work on improving things, instead of getting frustrated, when everything seems to be going wrong.",Emotional_Stability-,0.36748200
Wait for my turn.,Emotional_Stability-,0.4398320
Wake each morning to feelings of tremendous sadness.,Emotional_Stability-,0.41854000
Want to amount to something special in others' eyes.,Emotional_Stability-,0.4699910
Want to know what I am up against.,Emotional_Stability-,0.36982400
Wanted to run away from home when I was a child.,Emotional_Stability-,0.21386000
Was bothered by things that usually don't bother me.,Emotional_Stability-,0.4687350
Was considered a troublemaker in school.,Emotional_Stability-,0.2588220
Was often sent to the principal for fighting when I was a kid.,Emotional_Stability-,0.16778000
Was told that I sometimes do not recognize a friend or family member.,Emotional_Stability-,0.38438800
Wash my hands more often than is necessary.,Emotional_Stability-,0.2248030
Watch too much television.,Emotional_Stability-,0.3484440
Wear my heart on my sleeve.,Emotional_Stability-,0.45772300
"When interacting with a group of people, am often bothered by at least one of them.",Emotional_Stability-,0.49133000
Will do anything to avoid losing my friends and romantic partners.,Emotional_Stability-,0.3550050
Wish I could experience more pleasure from my life.,Emotional_Stability-,0.37264700
Wish I could more easily show my negative feelings.,Emotional_Stability-,0.48347800
Wish I was less concerned about my health.,Emotional_Stability-,0.36139000
Wish that I was somebody else.,Emotional_Stability-,0.39138500
Wonder how I got to be the way that I am.,Emotional_Stability-,0.29254100
Wonder who I really am.,Emotional_Stability-,0.30408200
Work out my anxieties by doing something consturctive or creative.,Emotional_Stability-,0.55074300
Work so hard that my mental health has suffered.,Emotional_Stability-,0.33822700
Work so hard that my relationships have suffered.,Emotional_Stability-,0.36924000
Work too much.,Emotional_Stability-,0.4060900
Worry a lot about catching a serious illness.,Emotional_Stability-,0.5174020
Worry a lot when I develop a physical symptom that I never have had before.,Emotional_Stability-,0.42780800
Worry about being embarrassed.,Emotional_Stability-,0.6783520
Worry about my health.,Emotional_Stability-,0.48435100
Worry about people taking my possessions.,Emotional_Stability-,0.41691300
Worry about things.,Emotional_Stability-,0.6625460
Worry about what people think of me.,Emotional_Stability-,0.44067700
Worry so much that I can't get anything done.,Emotional_Stability-,0.43441700
Worry that certain people will try to trick or deceive me.,Emotional_Stability-,0.44128700
Worry too much about what others might think.,Emotional_Stability-,0.48341900
Would be nervous playing the clown in front of other people.,Emotional_Stability-,0.39106300
Would change my name or life story to get out of trouble.,Emotional_Stability-,0.1901420
Would enjoy a job where my life is on the line.,Emotional_Stability-,0.21530900
Would fear walking in a high-crime part of a city.,Emotional_Stability-,0.34400000
Would later feel guilty if I were to lose my temper and threaten someone.,Emotional_Stability-,0.410805
Would love to be a celebrity.,Emotional_Stability-,0.159975
Would love to be on a reality TV show.,Emotional_Stability-,0.14104200
Would much prefer to have friends than romantic partners in mylife.,Emotional_Stability-,0.2737970
Would not be very distressed by seeing an animal in pain.,Emotional_Stability-,0.30291500
Would not feel very distressed and concerned if a friend were to complain of having an especially bad headache.,Emotional_Stability-,0.33533000
Would pretend to have personal problems to gain pity or attention.,Emotional_Stability-,0.50437400
Would rather buy something I need than borrow it from someone else.,Emotional_Stability-,0.20809300
Act as if some laws do not apply to me.,Emotional_Stability+,0.5021590
Act without ulterior motives.,Emotional_Stability+,0.5696630
"Ama workaholic, with little time for fun or pleasure.",Emotional_Stability+,0.41092000
Am able to disregard rules.,Emotional_Stability+,0.3535790
Am easily deterred.,Emotional_Stability+,0.4317360
Am easily put out.,Emotional_Stability+,0.3595900
Am free of prejudice.,Emotional_Stability+,0.38280800
Am happy doing mindless work.,Emotional_Stability+,0.34772100
Am indifferent to the feelings of others.,Emotional_Stability+,0.3154700
Amno danger to society.,Emotional_Stability+,0.46488400
Am not affected by either praise or criticism.,Emotional_Stability+,0.24072500
Am not all that curious about the world.,Emotional_Stability+,0.3362860
Am not as strict as I should be.,Emotional_Stability+,0.4279100
Am not bothered by crazy thoughts.,Emotional_Stability+,0.3893280
Am not bothered by difficult social situations.,Emotional_Stability+,0.27863600
Am not bothered by disorder.,Emotional_Stability+,0.2724970
Am not bothered by messy people.,Emotional_Stability+,0.2994610
Am not disturbed by events.,Emotional_Stability+,0.404908
Am not easily affected by my emotions.,Emotional_Stability+,0.398618
Am not easily annoyed.,Emotional_Stability+,0.40745900
Am not easily bothered by things.,Emotional_Stability+,0.38551300
Am not easily distracted.,Emotional_Stability+,0.45545
Am not easily disturbed by events.,Emotional_Stability+,0.428183
Am not easily frustrated.,Emotional_Stability+,0.44820100
Am not handicapped in any way.,Emotional_Stability+,0.2691900
Am not highly motivated to succeed.,Emotional_Stability+,0.3924880
Am not in the mood for anything.,Emotional_Stability+,0.30186000
Am not in touch with my feelings.,Emotional_Stability+,0.42152600
Am not interested in speculating about things.,Emotional_Stability+,0.32317800
Am often bored while working.,Emotional_Stability+,0.35611100
Am often bored.,Emotional_Stability+,0.3913940
Am relaxed most of the time.,Emotional_Stability+,0.3570820
Am resigned to my fate.,Emotional_Stability+,0.4014270
Am seldom bothered by the apparent suffering of strangers.,Emotional_Stability+,0.25373200
Am seldom concerned about the possibility of failing when trying something new.,Emotional_Stability+,0.2611480
Am told that I am down to earth.,Emotional_Stability+,0.36850900
Am unable to do some of the things I would like to do because of my health.,Emotional_Stability+,0.24849700
Am unaffected by other people's happiness.,Emotional_Stability+,0.3503890
Am unaffected by the suffering of others.,Emotional_Stability+,0.3338940
Am untouched by other people's feelings.,Emotional_Stability+,0.28573700
Am unwilling to change appointments.,Emotional_Stability+,0.25801800
Become restless if I'm not accomplishing something.,Emotional_Stability+,0.47263700
Believe in a life after death.,Emotional_Stability+,0.27140200
Believe in a universal power or God.,Emotional_Stability+,0.2755700
Believe in life after death.,Emotional_Stability+,0.2455330
Believe that all events can be explained scientifically.,Emotional_Stability+,0.21587300
Believe that life is more of a playground than a battlefield.,Emotional_Stability+,0.3136430
Believe that the rules don't apply to me.,Emotional_Stability+,0.41471800
Can control objects with my mind.,Emotional_Stability+,0.35873700
Can make myself work on a difficult task even when I don't feel like trying.,Emotional_Stability+,0.36205300
Can remain cool-headed when stressed out.,Emotional_Stability+,0.48648400
Can see special connections between seemingly unrelated objects or events.,Emotional_Stability+,0.38383800
Can spend hours doing nothing.,Emotional_Stability+,0.37568100
Can take my mind off my problems.,Emotional_Stability+,0.4614850
Chatter away aimlessly.,Emotional_Stability+,0.5011910
Collect things that I don't need.,Emotional_Stability+,0.300892
Consider myself a disabled person.,Emotional_Stability+,0.40532200
Consider myself old.,Emotional_Stability+,0.40007700
Could easily live without having sex.,Emotional_Stability+,0.27930300
Could go months without a thought of sex crossing my mind.,Emotional_Stability+,0.26663700
Could not get going.,Emotional_Stability+,0.31982400
"Did not feel like eating, even though I should have been hungry.",Emotional_Stability+,0.20117900
Do not practice any religion.,Emotional_Stability+,0.24889900
Do not think about decisions.,Emotional_Stability+,0.40993700
Do things without thinking of the consequences.,Emotional_Stability+,0.41170300
Don't bother to make an effort.,Emotional_Stability+,0.25243000
Don't bother worrying about political and social problems.,Emotional_Stability+,0.25270100
Don't care about rules.,Emotional_Stability+,0.33441900
Don't commit myself to things.,Emotional_Stability+,0.4408420
Don't consider myself religious.,Emotional_Stability+,0.3505210
Don't have much energy.,Emotional_Stability+,0.35109000
Don't let an illness or injury change my daily habits.,Emotional_Stability+,0.37697800
Don't mind eating alone.,Emotional_Stability+,0.25798000
Don't pay attention.,Emotional_Stability+,0.33594800
Don't put my mind on the task at hand.,Emotional_Stability+,0.47045800
Don't think that laws apply to me.,Emotional_Stability+,0.3365860
Enjoy being barefoot.,Emotional_Stability+,0.26308800
Enjoy taking my clothes off in front of others.,Emotional_Stability+,0.28437400
"Feel as if my body, or a part of it, has disappeared.",Emotional_Stability+,0.34914600
Feel at times that I have left my body and am somehow outside my physical self.,Emotional_Stability+,0.35264900
Feel empty in my relationships.,Emotional_Stability+,0.4495810
"Feel hollow, empty, or bored.",Emotional_Stability+,0.5098890
Feel life is boring or bland.,Emotional_Stability+,0.35067100
Feel like nothing seems interesting to me.,Emotional_Stability+,0.3583600
Feel like nothing seems like fun to me.,Emotional_Stability+,0.35612500
Feel nothing is ever my fault.,Emotional_Stability+,0.2971210
Feel sometimes that a part of my body is separate from the rest of me.,Emotional_Stability+,0.34534200
Feel that breaking the law is okay as long as you don't get caught.,Emotional_Stability+,0.342844
Feel that my body is dissolving or that a part of my body is missing or changing.,Emotional_Stability+,0.3564190
Feel that work is not an important part of my life.,Emotional_Stability+,0.299838
Felt as though I was looking at the world through a fog so that people and objects appeared far away or unclear.,Emotional_Stability+,0.31868700
Felt like I was disconnected from my body.,Emotional_Stability+,0.38170500
Find my attention easily strays from my work in the presence of an attractive stranger.,Emotional_Stability+,0.4107520
Find nothing excites me.,Emotional_Stability+,0.32538000
"Find that I sometimes sit starting off into space, thinking of nothing, and am not aware of the passage of time.",Emotional_Stability+,0.36068200
Forget appointments.,Emotional_Stability+,0.35011800
Forget deadlines.,Emotional_Stability+,0.36149900
Forget things.,Emotional_Stability+,0.46450600
Found that I was able to ignore pain.,Emotional_Stability+,0.3289540
Generally am not interested in doing very much.,Emotional_Stability+,0.30971100
Generally feel like there isn't anything interesting or fun to do.,Emotional_Stability+,0.30734300
Get bored easily.,Emotional_Stability+,0.36567000
Get lost in what I'm doing and don't pay attention to much else.,Emotional_Stability+,0.35164300
Get too tired to do anything.,Emotional_Stability+,0.32393600
Give up easily.,Emotional_Stability+,0.3328660
Had restless sleep.,Emotional_Stability+,0.36586400
Hang around doing nothing.,Emotional_Stability+,0.34672700
Have been told that I am rigid and inflexible.,Emotional_Stability+,0.4405810
Have done many things for which I could have been (or was) arrested.,Emotional_Stability+,0.23020700
Have given up hope.,Emotional_Stability+,0.35196400
Have little interest in hobbies and other activities.,Emotional_Stability+,0.30888700
Have lived in all 50 states in the U.S.A.,Emotional_Stability+,0.09505400
Have never been in trouble with the law.,Emotional_Stability+,0.107282000
Have never deliberately hurt anyone.,Emotional_Stability+,0.24726200
Have never given serious thought to ending my life.,Emotional_Stability+,0.102503000
Have no plan for my life five years from now.,Emotional_Stability+,0.2891050
Have no problem defying the wishes of people in command.,Emotional_Stability+,0.23601200
Have no secrets.,Emotional_Stability+,0.4162580
Have no special urge to do something original.,Emotional_Stability+,0.45758800
Have no trouble controlling my anger.,Emotional_Stability+,0.24898500
Have no will to live.,Emotional_Stability+,0.39049500
Have not created something of beauty in the last year.,Emotional_Stability+,0.339491
Have thought about the best way to die.,Emotional_Stability+,0.31713500
Have time for play and relaxation.,Emotional_Stability+,0.42966300
Hope that I am never a nuisance to anyone.,Emotional_Stability+,0.34478100
Know that my achievements will be forgotten after I'm dead.,Emotional_Stability+,0.26328500
Know that my life has no strong purpose.,Emotional_Stability+,0.34775300
Leave my work undone.,Emotional_Stability+,0.48414000
Leave things unfinished.,Emotional_Stability+,0.47894100
Let bygones be bygones.,Emotional_Stability+,0.45062700
Let things go.,Emotional_Stability+,0.4515240
Like a leisurely lifestyle.,Emotional_Stability+,0.44118300
Like to dispense with formalities.,Emotional_Stability+,0.49818000
Like to sleep on things before acting.,Emotional_Stability+,0.31896600
Live life free of worries or anxiety.,Emotional_Stability+,0.402039
Love to laze in the sun.,Emotional_Stability+,0.3034100
Love to sleep.,Emotional_Stability+,0.25628600
Make a decision and move on.,Emotional_Stability+,0.3206690
Might enjoy a free fall from an airplane.,Emotional_Stability+,0.34803800
Might enjoy the thrill of being lost at sea.,Emotional_Stability+,0.31132900
Neglect my duties.,Emotional_Stability+,0.4959270
Never challenge things.,Emotional_Stability+,0.38562900
Never do anything reckless.,Emotional_Stability+,0.4075210
Never get furious.,Emotional_Stability+,0.40176400
Never give up.,Emotional_Stability+,0.3503860
Never have sexual fantasies or daydreams.,Emotional_Stability+,0.24189100
Never remember my dreams.,Emotional_Stability+,0.16584900
Often feel disconnected from my own body.,Emotional_Stability+,0.44311600
Often feel tired.,Emotional_Stability+,0.40970300
Often feel too tired to do anything.,Emotional_Stability+,0.34717400
Often fly to Switzerland.,Emotional_Stability+,0.14243300
Often ignore my feelings.,Emotional_Stability+,0.4671680
Often see no reason to continue living.,Emotional_Stability+,0.41789100
Overlook things.,Emotional_Stability+,0.55163600
Pay no attention to my appearance.,Emotional_Stability+,0.28444900
Persist in seemingly hopeless situations.,Emotional_Stability+,0.45618600
Prefer reading non-fiction to fiction.,Emotional_Stability+,0.24314200
Prefer reality to fantasy.,Emotional_Stability+,0.30458200
Prefer the simple life.,Emotional_Stability+,0.2901370
Prefer to just let things happen.,Emotional_Stability+,0.37742100
Prefer to read nonfiction more than fiction.,Emotional_Stability+,0.22909100
Put less emphasis on material things than most people do.,Emotional_Stability+,0.4127530
Put little time and effort into my work.,Emotional_Stability+,0.3244050
Put off unpleasant tasks.,Emotional_Stability+,0.4918850
Quickly forget disagreements.,Emotional_Stability+,0.29885200
Quit tasks as soon as I get bored.,Emotional_Stability+,0.24190300
Rarely feel angry with people.,Emotional_Stability+,0.28087600
Rarely feel depressed.,Emotional_Stability+,0.28731700
Rarely feel ill.,Emotional_Stability+,0.28934500
Rarely get bored because I start daydreaming when things get boring.,Emotional_Stability+,0.30272200
Rarely get irritated.,Emotional_Stability+,0.351579
Rarely lose my composure.,Emotional_Stability+,0.35593500
Rarely worry.,Emotional_Stability+,0.44680900
Say nothing new.,Emotional_Stability+,0.45844000
See little need for romance in my life.,Emotional_Stability+,0.37960900
See myself as an average person.,Emotional_Stability+,0.36357100
See nothing wrong with being single for the rest of my life.,Emotional_Stability+,0.20630000
Seldom become irritated in response to what a person says.,Emotional_Stability+,0.34037800
Seldom become irritated when someone is late.,Emotional_Stability+,0.23041000
Seldom change my decisions.,Emotional_Stability+,0.30620700
Seldom daydream.,Emotional_Stability+,0.43748200
Seldom feel blue.,Emotional_Stability+,0.39753100
Seldom get lost in thought.,Emotional_Stability+,0.41199000
Seldom get mad.,Emotional_Stability+,0.43632000
Seldom notice the emotional aspects of paintings and pictures.,Emotional_Stability+,0.29414800
Sometimes find myself in a trance-like state without trying.,Emotional_Stability+,0.4290760
Sometimes see visual images when resting with my eyes closed.,Emotional_Stability+,0.37288500
Stop when work becomes too difficult.,Emotional_Stability+,0.4365390
Take things for granted.,Emotional_Stability+,0.409771
Think that life does not always have to be serious.,Emotional_Stability+,0.35966300
Think that suicide would solve a lot of problems.,Emotional_Stability+,0.25467700
Tire out quickly.,Emotional_Stability+,0.34795200
Usually drift off mentally when doing simple tasks.,Emotional_Stability+,0.4451910
"Usually feel neutral, instead of happy, when not feeling unhappy.",Emotional_Stability+,0.4848880
Wish that I were more fully employed.,Emotional_Stability+,0.25666700
Would describe myself as a normal person.,Emotional_Stability+,0.34719900
Would like to live for awhile in a different country.,Emotional_Stability+,0.246865
Would love to take off on a trip with no planned route or timetable.,Emotional_Stability+,0.19337300
Would never cheat on my taxes.,Emotional_Stability+,0.073976000
Would prefer being in a hurricane or earthquake to spending the day moving heavy bricks.,Emotional_Stability+,0.253182
Would prefer sitting through a boring TV show to being in a store during an armed robbery.,Emotional_Stability+,0.24735500
Would prefer to live in a fantasy world rather than the real one.,Emotional_Stability+,0.22280200
Wouldn't harm a fly.,Emotional_Stability+,0.3192810
Act without thinking.,Intellect-,0.48845300
Ama hard person to read.,Intellect-,0.43459600
Am hard to get to know.,Intellect-,0.391043
Am hard to understand.,Intellect-,0.4833470
Am just an ordinary person.,Intellect-,0.34609200
Am less capable than most people.,Intellect-,0.4824230
Am no more special than anyone else.,Intellect-,0.30880100
Am not a detail-oriented person.,Intellect-,0.44338600
Am not an extraordinary person.,Intellect-,0.42112400
Am not considered to have new and different ideas.,Intellect-,0.46841300
Am not good at figuring out what really matters.,Intellect-,0.39265400
Am not good at knowing human nature.,Intellect-,0.48533600
Am not good at telling jokes.,Intellect-,0.3478820
Am not interested in abstract ideas.,Intellect-,0.50890000
Am not interested in theoretical discussions.,Intellect-,0.42454200
Am not likely to notice small visual details.,Intellect-,0.41236100
Am often the last to understand the point of a joke.,Intellect-,0.39500100
Am plain in appearance.,Intellect-,0.41564600
Am poorly informed.,Intellect-,0.55439200
Am rarely aware of the natural beauty in the environment.,Intellect-,0.3642330
Am told by friends that they do not really know who I am.,Intellect-,0.24232600
Am unaware of what's happening.,Intellect-,0.414073
"Am unsure about questions concerning politics, religion, or morality.",Intellect-,0.28962900
Am without talent.,Intellect-,0.4169970
Am worthless.,Intellect-,0.39402400
Ask questions that nobody else does.,Intellect-,0.3564830
"Believe I have ""ESP,"" or extrasensory perception.",Intellect-,0.37677500
Believe in a logical answer for everything.,Intellect-,0.36430400
Believe in things that have no scientific explanation.,Intellect-,0.43218700
"Believe that I know more than most supposed ""experts.""",Intellect-,0.29048100
Believe that religion is foolish.,Intellect-,0.42254400
Buy clothes without trying them on first.,Intellect-,0.26820500
Describe lots of irrelevant details when telling a story.,Intellect-,0.42609400
Disliked math in school.,Intellect-,0.36495400
Do not believe in a universal power or a God.,Intellect-,0.36534000
Do not have a good imagination.,Intellect-,0.5642020
Don't know much about history.,Intellect-,0.31937300
Don't place much emphasis on the amount of material objects people own as a sign of their success.,Intellect-,0.3142970
Don't put a lot of thought into things.,Intellect-,0.40311200
Don't see the consequences of things.,Intellect-,0.44860000
Don't tend to think things through critically.,Intellect-,0.4749850
Don't think that schooling is important.,Intellect-,0.2997210
Don't understand things.,Intellect-,0.51589200
Doubt the value of religion.,Intellect-,0.3769840
Fail to pay attention.,Intellect-,0.48309500
Feel that life has no meaning.,Intellect-,0.33362100
Feel that my opinion is worthless unless told otherwise,Intellect-,0.47626900
Feel that others can't figure out what I'm trying to say.,Intellect-,0.4578150
Feel that people have a hard time understanding me.,Intellect-,0.349305
Feel that there are many things that I do not know much about.,Intellect-,0.39879300
"Find it difficult to tell whether something really happened, or whether it occurred only in my imagination.",Intellect-,0.30813900
Found myself in a place and had no idea how I had gotten there.,Intellect-,0.30225200
Found that I could not remember whether I had done something or had just thought about doing that thing.,Intellect-,0.27681400
"Found that I had no memory for some important event in my life (for example, a wedding or graduation).",Intellect-,0.24710100
Had a poor appetite.,Intellect-,0.3232920
Have a poor vocabulary.,Intellect-,0.547694
Have been called a cheapskate.,Intellect-,0.3774850
Have been left speechless by the beauty depicted in a movie.,Intellect-,0.28865900
Have been told by others that my thinking patterns don't make sense.,Intellect-,0.43725700
Have been told that I am difficult to understand.,Intellect-,0.46052000
Have difficulty imagining things.,Intellect-,0.5474320
Have difficulty understanding abstract ideas.,Intellect-,0.5859130
Have little to contribute.,Intellect-,0.4364980
Have never attended a college or university.,Intellect-,0.11020700
Have physical sensations that even doctors don't understand.,Intellect-,0.32488600
Know how to make something from nothing.,Intellect-,0.39299500
Lack the talent for influencing people.,Intellect-,0.45231300
Like bland food.,Intellect-,0.33031600
Like things plain and simple.,Intellect-,0.42881000
Listen to my brain rather than my heart.,Intellect-,0.41894700
Look for hidden meanings in things.,Intellect-,0.43062200
"Make decisions based on facts, not feelings.",Intellect-,0.3019700
Make difficulties out of nothing.,Intellect-,0.51402100
Often feel like my thoughts make no sense.,Intellect-,0.40251500
Often have illogical thoughts.,Intellect-,0.5582220
Pay too little attention to details.,Intellect-,0.41685700
Rarely have fantasies that include intricate details.,Intellect-,0.36474700
Rarely look for a deeper meaning in things.,Intellect-,0.3912120
Seldom experience sudden intuitive insights.,Intellect-,0.49495100
Seldom notice details.,Intellect-,0.4354990
Sometimes have thoughts that don't make any sense.,Intellect-,0.4429030
Talk for no reason.,Intellect-,0.44401500
Talk nonsense.,Intellect-,0.52218700
Talk without thinking.,Intellect-,0.4570560
Tend to notice details that others do not.,Intellect-,0.4614400
Think that looking for hidden meanings in movies or plays distracts from their enjoyment.,Intellect-,0.41229800
Think that most of my problems are due to the fact that other people just don't understand me.,Intellect-,0.30189800
Underestimate myself.,Intellect-,0.46710300
Usually have dreams that don't have an elaborate or detailed plot.,Intellect-,0.30963500
Want to understand things.,Intellect-,0.41206900
Was a slow learner inschool.,Intellect-,0.43919200
Was listening to someone talk and suddenly realized I did not hear part or all of what was said.,Intellect-,0.35544400
Waste time talking.,Intellect-,0.4477740
Would not be a good comedian.,Intellect-,0.30971800
Admire a really clever scam.,Intellect+,0.39465700
Am able to come up with new and different ideas.,Intellect+,0.47097800
"Am able to see the ""big picture.""",Intellect+,0.33256400
Am always busy with something interesting.,Intellect+,0.39597500
Am an original thinker.,Intellect+,0.6016870
Am curious about how various kinds of trees differ from each other.,Intellect+,0.1775720
Am fascinated by how machines work.,Intellect+,0.41341700
Am fascinated by numbers.,Intellect+,0.40117800
Am full of ideas.,Intellect+,0.5573780
Am good at thinking of solutions that no one else thinks of.,Intellect+,0.38467500
Am interested in many things.,Intellect+,0.42495200
Am interested in my personal growth.,Intellect+,0.28620300
Am interested in science.,Intellect+,0.3983880
Am open to ideas.,Intellect+,0.5256650
Am rarely aware of how an artist might be using light and color to convey mood when I look at paintings or pictures.,Intellect+,0.38748800
"Am sometimes full of thoughts, ideas, and images in my mind.",Intellect+,0.4372070
Am told by friends and family that I have good ideas for solving problems.,Intellect+,0.35876700
Appreciate all forms of art.,Intellect+,0.4237160
"Base my goals in life on inspiration, rather than logic.",Intellect+,0.32941400
Believe in the importance of art.,Intellect+,0.4572470
Believe that art is very important.,Intellect+,0.43968900
Believe that each person has a purpose in life.,Intellect+,0.3168260
Believe that there are many sides to most issues.,Intellect+,0.336842
Can change the weather simply by thinking about it.,Intellect+,0.3618050
Can clearly picture in my mind what I want to happen in my future.,Intellect+,0.24754800
Can find something of interest in any situation.,Intellect+,0.41881900
Can handle complex problems.,Intellect+,0.46762000
Can read books written in Chinese.,Intellect+,0.19605000
Can see different points of view.,Intellect+,0.4871000
Can see into the future.,Intellect+,0.4502560
Can think of many different ways to solve problems.,Intellect+,0.4086790
Cannot wait to get started on a project.,Intellect+,0.36636
Come up with a solution right away.,Intellect+,0.25962800
Come up with alternatives.,Intellect+,0.469432
Come up with good solutions.,Intellect+,0.47539800
Come up with new ways to do things.,Intellect+,0.50427000
Come up with something new.,Intellect+,0.5449340
Could be a success in many fields.,Intellect+,0.42607900
Could stare at a painting or picture for hours.,Intellect+,0.3305800
Crave the experience of great art.,Intellect+,0.5099150
Create something of value out of nothing.,Intellect+,0.43160800
Demand explanations from others.,Intellect+,0.42180600
"Depend on science to explain ""miracles.""",Intellect+,0.34306600
Drove or rode somewhere without remembering later what happened during all or part of the trip.,Intellect+,0.24699600
Enjoy cartoons.,Intellect+,0.39669000
Enjoy contemplation.,Intellect+,0.5215760
Enjoy discussing movies and books with others.,Intellect+,0.31459600
Enjoy elaborate ceremonies.,Intellect+,0.3297560
Enjoy hearing new ideas.,Intellect+,0.5574480
Enjoy imagining what life is like for people in other places or who have lives different from mine.,Intellect+,0.3324020
Enjoy intellectual games.,Intellect+,0.55595100
Enjoy reflecting on past events.,Intellect+,0.4254590
Enjoy science fiction.,Intellect+,0.42893100
Enjoy the beauty of nature.,Intellect+,0.30061800
Enjoy thinking about things.,Intellect+,0.55939700
Enjoy thought-provoking movies.,Intellect+,0.5107690
Enjoy wild flights of fantasy.,Intellect+,0.4385930
Experience altered states of consciousness.,Intellect+,0.42219400
Experience very vivid and lively memories when I recall my childhood.,Intellect+,0.25464300
Feel like my imagination can run wild.,Intellect+,0.47324100
Feel that fantasy is more powerful than reality.,Intellect+,0.34414800
Find political discussions interesting.,Intellect+,0.44420000
Find the world a very interesting place.,Intellect+,0.46683500
Formulate ideas clearly.,Intellect+,0.44669200
"Found writings, drawings, or notes among my belongings that I must have done but cannot remember doing.",Intellect+,0.30730800
Get deeply immersed in music.,Intellect+,0.3082600
Get excited by new ideas.,Intellect+,0.5569080
Go off on a lot of tangents.,Intellect+,0.4603190
Have a broad outlook on what is going on.,Intellect+,0.46073800
Have a point of view all my own.,Intellect+,0.4007780
Have a rich vocabulary.,Intellect+,0.49085000
Have a very good imagination.,Intellect+,0.6058890
Have a vivid imagination.,Intellect+,0.6563580
Have an imagination that stretches beyond that of my friends.,Intellect+,0.5613250
"Have been described as ""unusual.""",Intellect+,0.49019100
Have excellent ideas.,Intellect+,0.5830410
Have experienced a spiritual force that is greater than any human being.,Intellect+,0.28440800
Have ideas that are very strange.,Intellect+,0.54965100
Have murderous ideas.,Intellect+,0.45783100
Have new ideas for improving things.,Intellect+,0.52315400
Have noticed that different letters of the alphabet have different colors.,Intellect+,0.34036700
Have noticed that different odors have different colors.,Intellect+,0.3072130
Have read the great literary classics.,Intellect+,0.28973200
Have recently found an original solution to a problem in my life.,Intellect+,0.42414900
Have unusual beliefs about the world.,Intellect+,0.47895500
Invent problems for myself.,Intellect+,0.54300900
Investigate all possibilities.,Intellect+,0.48460500
Know that my ideas sometimes surprise people.,Intellect+,0.46526100
Like learning about the achievements and creations of great men and women from history.,Intellect+,0.36064600
Like movies and books about mysteries.,Intellect+,0.32992700
Like music.,Intellect+,0.3847090
Like to begin new things.,Intellect+,0.4613630
Like to color or style my hair in unconventional ways.,Intellect+,0.32378200
Like to find out about new and different ideas.,Intellect+,0.49907800
Like to get lost in thought.,Intellect+,0.4586800
Like to solve complex problems.,Intellect+,0.5687080
Like to think of new ways to do things.,Intellect+,0.4924190
Like to watch figure skating.,Intellect+,0.20828800
Like variety.,Intellect+,0.5040070
Look at things from different angles.,Intellect+,0.5164470
Look forward to the opportunity to learn and grow.,Intellect+,0.34180200
Love beautiful things.,Intellect+,0.42586200
Love children's art work.,Intellect+,0.38239000
Love to daydream.,Intellect+,0.4035050
Love to do impressions.,Intellect+,0.50684300
Love to doodle.,Intellect+,0.3674610
Love to hear about other countries and cultures.,Intellect+,0.24631600
Love to read challenging material.,Intellect+,0.44098400
Love to reflect on things.,Intellect+,0.51423300
Love to spin tall tales.,Intellect+,0.31401100
Love to think up new ways of doing things.,Intellect+,0.46861700
Love to try new foods that I have not eaten before.,Intellect+,0.17103900
Make beautiful things.,Intellect+,0.53189300
Make insightful remarks.,Intellect+,0.58924900
Make up tall stories.,Intellect+,0.4147810
Need a creative outlet.,Intellect+,0.6151700
Need a lot of explanations.,Intellect+,0.40052000
Notice the way that music is structured,Intellect+,0.4477740
Often change the facts of a story to make it more interesting.,Intellect+,0.33185100
Prefer making things myself instead of buying them.,Intellect+,0.20513100
Prefer to analyze problems rather than to just describe them.,Intellect+,0.37641600
Put a new perspective on things.,Intellect+,0.5220440
Quickly think up new ideas.,Intellect+,0.52722700
Read a large variety of books.,Intellect+,0.24178500
Say what I think.,Intellect+,0.3952060
See beauty in things that others might not notice.,Intellect+,0.42897800
See strange figures or visions when nothing is really there.,Intellect+,0.4175670
"See things around me differently than I regularly do (for example, as if looking through a tunnel, or seeing only part of an object).",Intellect+,0.3763630
Seek explanations of things.,Intellect+,0.46582400
"Sometimes dream of vivid, detailed settings that are unlike anything I've experienced when awake.",Intellect+,0.3594010
Sometimes have extremely vivid pictures in my head.,Intellect+,0.3941770
Spend time reflecting on things.,Intellect+,0.48640700
Take the future into account.,Intellect+,0.42399300
Tend to think about something for hours.,Intellect+,0.35670500
Think ahead.,Intellect+,0.49781100
Think deeply about things.,Intellect+,0.44743500
Think quickly.,Intellect+,0.49274200
Think that changing important personal beliefs is often necessary to grow as a person.,Intellect+,0.284635
Think that my life is extremely interesting.,Intellect+,0.3988100
Throw a new light on the situation.,Intellect+,0.49120600
Use my brain.,Intellect+,0.52153600
Usually notice visual details in the environment.,Intellect+,0.42439300
Want to form my own opinions.,Intellect+,0.43271400
Want to increase my knowledge.,Intellect+,0.43925400
Want to see things for myself.,Intellect+,0.39054600
Would be described by friends and family as interested in lots of different things.,Intellect+,0.38825700
Would love to explore strange places.,Intellect+,0.33265000
Would make a good actor.,Intellect+,0.19867500
Act with hesitation.,Surgency-,0.55741300
Act without consulting others.,Surgency-,0.40838900
Ama creature of habit.,Surgency-,0.4625430
Am a lonely person.,Surgency-,0.4484010
Am a physical coward.,Surgency-,0.3516580
Am a shy person,Surgency-,0.54413900
Am a small-sized person.,Surgency-,0.3786150
Am a submissive person.,Surgency-,0.4210480
Am a very private person.,Surgency-,0.46788200
Am able to control my cravings.,Surgency-,0.30715800
Am able to find out things by myself.,Surgency-,0.27025400
Am afraid of being left alone.,Surgency-,0.46454800
Am afraid of large dogs.,Surgency-,0.30364600
Am afraid to draw attention to myself.,Surgency-,0.5119850
Am afraid to reach out for love.,Surgency-,0.39646200
Am calm even in tense situations.,Surgency-,0.3510720
Am capable of working alone.,Surgency-,0.2751250
Am comfortable in unfamiliar situations.,Surgency-,0.4285190
Am considered short.,Surgency-,0.36318100
Am different compared to mostpeople.,Surgency-,0.4156660
Am emotionally reserved.,Surgency-,0.55113200
Am intentionally different.,Surgency-,0.37214300
Am less likely than most people to lock things up.,Surgency-,0.37971400
Ammore of a loner than most people.,Surgency-,0.5784240
Am not easily stirred.,Surgency-,0.4737950
Am not embarrassed easily.,Surgency-,0.37867100
Am not interested in romance.,Surgency-,0.27870500
Am not known for my sense of humor.,Surgency-,0.40178200
Amnot much of a flirt.,Surgency-,0.4506900
Am not really interested in others.,Surgency-,0.31952900
Am paralyzed by a fear of being alone.,Surgency-,0.44556300
Am put off by unexpected events.,Surgency-,0.525061
Am quiet around strangers.,Surgency-,0.5427920
Am quite relaxed in front of strangers.,Surgency-,0.36505900
Am rarely consulted for advice by others.,Surgency-,0.20753400
Am rarely scared by loud noises.,Surgency-,0.28889600
Am seldom aware of the sounds of birds in the neighborhood.,Surgency-,0.2865000
Am slow to take the blame.,Surgency-,0.42962000
Am too afraid to do much of anything.,Surgency-,0.40315500
Am trusted to keep secrets.,Surgency-,0.40523200
Am unable to speak up for myself.,Surgency-,0.4671200
Am usually unaware of how the setting is used to convey the mood of the characters in movies.,Surgency-,0.323699
Am very independent.,Surgency-,0.32090100
Am very shy in social situations.,Surgency-,0.48507900
Avoid activities that are physically dangerous.,Surgency-,0.43808200
Avoid calling attention to my weaknesses.,Surgency-,0.5039470
Avoid company.,Surgency-,0.523179
Avoid contacts with others.,Surgency-,0.5178930
Avoid crowds.,Surgency-,0.54344800
Avoid dangerous situations.,Surgency-,0.5494500
Avoid dealing with awkward situation.,Surgency-,0.56085600
Avoid demonstrating my skills for fear of being embarrassed.,Surgency-,0.4691940
Avoid difficult reading material.,Surgency-,0.4923940
Avoid doing things behind another person's back.,Surgency-,0.49456600
Avoid eye contact.,Surgency-,0.5902790
Avoid going to unknown places.,Surgency-,0.47100200
Avoid philosophical discussions.,Surgency-,0.50230000
Avoid responsibilities.,Surgency-,0.5237260
Avoid romantic intimacy at all costs.,Surgency-,0.37514400
Avoid small talk.,Surgency-,0.5670400
Back out at the last moment.,Surgency-,0.3719090
Believe only in myself.,Surgency-,0.32331600
Believe that people seldom tell you the whole story.,Surgency-,0.3456020
Believe that privacy is very important.,Surgency-,0.38655900
"Can feel close to someone, even in moments of silence.",Surgency-,0.44608700
Can keep a secret.,Surgency-,0.44595200
Can slow myself down when I want to.,Surgency-,0.376008
Can usually bring my attention back to whatever I was doing after being interrupted.,Surgency-,0.31959500
Can't hear for awhile (as if I am deaf).,Surgency-,0.3347740
"Can't speak (or only with great effort), or can only whisper.",Surgency-,0.45073000
Come up with excuses to avoid meeting new people.,Surgency-,0.44463600
Cut conversations short.,Surgency-,0.44573500
Decide things on my own.,Surgency-,0.31130300
Dislike loud music.,Surgency-,0.502128
Dislike surprises.,Surgency-,0.49409800
Dislike talking about myself.,Surgency-,0.4012550
Do my best to avoid arguments.,Surgency-,0.49382200
Do not enjoy going to art museums.,Surgency-,0.26469700
Do not enjoy kissing.,Surgency-,0.4250870
Do not enjoy watching dance performances.,Surgency-,0.3368770
Do not exercise on a regular basis.,Surgency-,0.31249800
Do not feel close to people.,Surgency-,0.522498
Do not like art.,Surgency-,0.33393900
Do not like concerts.,Surgency-,0.27931800
Do not like poetry.,Surgency-,0.35905500
Do not like to visit museums.,Surgency-,0.23657600
Do not make lists.,Surgency-,0.45211100
Do not often talk about things that I have achieved.,Surgency-,0.41679300
Do not take many risks.,Surgency-,0.47728200
Do things at my own pace.,Surgency-,0.3560900
Do things my own way.,Surgency-,0.34957200
"Do things well at first, but then drop them.",Surgency-,0.4493470
Don't actlike a show-off.,Surgency-,0.4704870
Don't always practice what I preach.,Surgency-,0.34734400
Don't bother with polite conversation.,Surgency-,0.37945900
Don't brag about my accomplishments.,Surgency-,0.3971900
Don't call attention to myself.,Surgency-,0.48113100
Don't consider myself attractive.,Surgency-,0.37004000
Don't enjoy doing quiet leisure activities.,Surgency-,0.40250200
Don't feel the need to be close to others.,Surgency-,0.4314580
Don't finish the things that I start.,Surgency-,0.41958100
Don't finish what I start.,Surgency-,0.39942100
Don't have a place I call home.,Surgency-,0.22320400
Don't indulge in violence.,Surgency-,0.4552320
Don't like action movies.,Surgency-,0.29856000
Don't like being interrupted.,Surgency-,0.4771490
Don't like crowded events.,Surgency-,0.40698500
Don't like sex.,Surgency-,0.2861720
Don't like to be noticed when I walk into a room.,Surgency-,0.4386310
Don't like to draw attention to myself.,Surgency-,0.47022200
Don't like to get dressed up.,Surgency-,0.33756200
Don't like to learn new things.,Surgency-,0.32443000
Don't like to travel.,Surgency-,0.28834400
Don't pay enough attention when others are speaking to me.,Surgency-,0.42751300
Don't read nonfiction books for fun.,Surgency-,0.308205
Don't reveal my intentions.,Surgency-,0.4718570
Don't show my feelings.,Surgency-,0.44782800
Don't strive for elegance in my appearance.,Surgency-,0.39103300
Don't talk a lot.,Surgency-,0.51646100
Don't think much about sex.,Surgency-,0.3142880
Don't try to figure myself out.,Surgency-,0.38014500
Don't use harsh language.,Surgency-,0.50739500
Don't usually enjoy listening to people tell stories about events that have happened in their lives.,Surgency-,0.33917000
Don't want to cause trouble.,Surgency-,0.46739200
Don't wear fashionable clothing.,Surgency-,0.4085100
Drown out conversations.,Surgency-,0.5449080
Easily resist temptations.,Surgency-,0.42193700
Enjoy my privacy.,Surgency-,0.5346930
Enjoy silence.,Surgency-,0.5446440
Enjoy spending time by myself.,Surgency-,0.3971520
Experience supernatural guidance.,Surgency-,0.32348800
Feel comfortable with myself.,Surgency-,0.41229000
Feel isolated from other people.,Surgency-,0.5561760
Feel relaxed when enclosed in small places such as an elevator.,Surgency-,0.3870310
Felt lonely.,Surgency-,0.45579600
Find it easy to tune out background noises when trying to concentrate on something else.,Surgency-,0.36334900
Find that I do not get frightened easily.,Surgency-,0.46823200
Follow my own rules.,Surgency-,0.4055700
Forgo opportunities.,Surgency-,0.5115250
Found that when I was watching television or a movie I became so absorbed in the story that I was unaware of other events happening around me.,Surgency-,0.26112300
Frequently skipped school when I was younger.,Surgency-,0.1783130
Go my own way.,Surgency-,0.36159300
Had the experience of being in a familiar place but finding it strange and unfamiliar.,Surgency-,0.39905900
Hang up the phone on people.,Surgency-,0.33195600
"Have a history of ""talking back"" to parents or teachers.",Surgency-,0.32196400
Have a quiet laugh.,Surgency-,0.4690770
Have a slow pace to my life.,Surgency-,0.4359880
Have a thin body.,Surgency-,0.3771590
Have avoided situations or people for fear that I would get sick.,Surgency-,0.37895400
Have been told I'm not listening when others are speaking to me.,Surgency-,0.44497100
Have been told to slow down and take it easy.,Surgency-,0.46861
Have difficulty keeping a conversation going,Surgency-,0.44247500
Have few interests.,Surgency-,0.481165
Have little desire for sex or romance.,Surgency-,0.3938680
Have little to say.,Surgency-,0.51484400
Have never engaged in gossip.,Surgency-,0.119695000
Have no interest in making new friends.,Surgency-,0.223557
Have occasionally had the feeling that a TV or radio broadcaster knew I was listening to him.,Surgency-,0.28097000
Have taken things that weren't mine.,Surgency-,0.3601030
Have trouble opening up to people.,Surgency-,0.48463100
Have used confidential information for my own gain.,Surgency-,0.34316900
Hear sounds from nearby as if they come from far away.,Surgency-,0.35202400
Hear voices talking about me when nobody is really there.,Surgency-,0.37942200
Hear voices that others cannot.,Surgency-,0.4825390
Hide my real intentions.,Surgency-,0.5236420
Hide whatever is important to me.,Surgency-,0.48078700
Hold back my opinions.,Surgency-,0.51164400
Ignore signs of danger.,Surgency-,0.5391500
Interrupt others.,Surgency-,0.52102200
Keep in the background.,Surgency-,0.54476100
Keep my cool.,Surgency-,0.4669160
Keep my distance from strangers.,Surgency-,0.53302200
"Keep my feelings to myself, regardless of how scared I am.",Surgency-,0.3983260
Keep my thoughts to myself.,Surgency-,0.49800800
Keep myself uninvolved.,Surgency-,0.4987410
Keep others at a distance.,Surgency-,0.5215910
Keep things that I never use.,Surgency-,0.34047300
Keep to myself even when I'm around other people.,Surgency-,0.43637100
Keep to myself.,Surgency-,0.4992480
Know my limitations.,Surgency-,0.48741200
Know that modesty doesn't become me.,Surgency-,0.44472700
Learn things slowly.,Surgency-,0.42830100
Leave my belongings around.,Surgency-,0.35176300
Let my attention wander off.,Surgency-,0.5037720
Let myself go.,Surgency-,0.40515500
Let others do their own thing.,Surgency-,0.39233500
Let things proceedat their own pace.,Surgency-,0.41980000
Like to be alone.,Surgency-,0.4809690
Like to be thought of as a normal kind of person.,Surgency-,0.3762370
Like to hear myself talk.,Surgency-,0.37634900
Like to take it easy.,Surgency-,0.4383330
Like to take my time.,Surgency-,0.4340690
Like to walk slowly.,Surgency-,0.4475130
Live in a world of my own.,Surgency-,0.3733000
Maintain distance between myself and others.,Surgency-,0.5465080
Need things explained only once.,Surgency-,0.36942200
Never splurge.,Surgency-,0.42247800
Often forget why I walked into a room.,Surgency-,0.3513100
Often refrain from doing something I like in order not to be rejected or disapproved of by others.,Surgency-,0.44600500
"Often ""space out"" and lose track of what's going on.",Surgency-,0.45685500
Only feel comfortable with friends.,Surgency-,0.4161600
Only talk about my own interests.,Surgency-,0.3505790
Postpone decisions.,Surgency-,0.44059400
Prefer being alone to risking rejection.,Surgency-,0.44734800
Prefer diving to swimming.,Surgency-,0.16802100
Prefer not to ask for something when I'm not sure I will obtain it.,Surgency-,0.3619460
Prefer to be alone.,Surgency-,0.4297850
Prefer to be controlled by others.,Surgency-,0.4241700
Prefer to deal with strangers in a formal manner.,Surgency-,0.4345000
Prefer to do everything alone.,Surgency-,0.28686200
Prefer to do things by myself.,Surgency-,0.3430480
Prefer to let my accomplishments speak for themselves.,Surgency-,0.3560310
Prefer to make my own decisions.,Surgency-,0.30576900
Prefer to play it safe and avoid danger.,Surgency-,0.46128600
Prefer to watch light entertainment shows rather than psychological dramas.,Surgency-,0.26481200
Prevent myself from saying mean things.,Surgency-,0.53031000
Protect myself from threat or danger.,Surgency-,0.46714600
Put down others' proposals.,Surgency-,0.41839600
Rarely enjoy dancing in a spontaneous manner.,Surgency-,0.363127
Rarely get drunk.,Surgency-,0.3479290
Rarely notice my emotional reactions.,Surgency-,0.36565200
Rarely or never raise my voice in anger.,Surgency-,0.42707700
Rarely overindulge.,Surgency-,0.5758150
Rarely show my anger.,Surgency-,0.39789600
Rarely smile.,Surgency-,0.49688900
Rarely talk about sex.,Surgency-,0.30225100
Rarely wear a watch.,Surgency-,0.22521100
React slowly.,Surgency-,0.5586850
Read slowly.,Surgency-,0.5133790
Remain calm under pressure.,Surgency-,0.49552200
Respect the privacy of others.,Surgency-,0.48103800
Retreat from others.,Surgency-,0.63024900
Reveal little about myself.,Surgency-,0.45788200
Say little.,Surgency-,0.47856900
Seek quiet.,Surgency-,0.6677220
Seldom get emotional.,Surgency-,0.44036900
Seldom joke around.,Surgency-,0.4383630
Seldom read the comics.,Surgency-,0.22105500
Seldom stretch the truth.,Surgency-,0.4367490
Seldom toot my own horn.,Surgency-,0.4020220
Seldom wear colorful clothing.,Surgency-,0.34942900
Shirk my duties.,Surgency-,0.5292040
Shoot my mouth off.,Surgency-,0.38014300
Should learn to hold back some of the things I say.,Surgency-,0.48451100
Sing out loud to myself when I'm alone.,Surgency-,0.3867940
Skip difficult words while reading.,Surgency-,0.4663670
Sometimes don't know where I am.,Surgency-,0.36651700
Sometimes forget where I am or what I'm doing when listening to music or reading a book.,Surgency-,0.34384900
Speak briefly and to the point.,Surgency-,0.39863000
Speak only when spoken to.,Surgency-,0.430391
Speak slowly.,Surgency-,0.537664
Speak softly.,Surgency-,0.53660900
Stand behind my actions.,Surgency-,0.35584600
"Stay away from the doctor, for fear of what they might find.",Surgency-,0.3355720
Stay only where I'm wanted.,Surgency-,0.3141310
Suddenly lose interest.,Surgency-,0.42489900
Take care of my own affairs.,Surgency-,0.40401500
Take in stray animals.,Surgency-,0.33743800
Take things lying down.,Surgency-,0.36257300
Take time out to chat.,Surgency-,0.36146800
Talked less than usual.,Surgency-,0.4938310
Tend to look out only for myself.,Surgency-,0.45647300
Think it's best to keep my emotions to myself.,Surgency-,0.4161080
Try to avoid coarse people.,Surgency-,0.5738930
Try to avoid complex people.,Surgency-,0.56334900
Try to avoid speaking in public,Surgency-,0.5502370
"Try to keep my life simple, with very few possessions.",Surgency-,0.32585700
Try to understand myself.,Surgency-,0.47464500
Undertake few things on my own.,Surgency-,0.45232500
Usually notice when the environment is quiet.,Surgency-,0.497588
Wall myself off from others.,Surgency-,0.56091000
Want to be left alone.,Surgency-,0.505119
Want to control the conversation.,Surgency-,0.47891700
Was aware at an early age that I was different from others.,Surgency-,0.30223600
Was told I wasn't acting like myself.,Surgency-,0.3894570
Will do almost anything to avoid being alone.,Surgency-,0.36091900
Will not probe deeply into a subject.,Surgency-,0.46015300
Withdraw from people when I feel hurt.,Surgency-,0.42191000
Withhold information from others.,Surgency-,0.45274000
Work best when I am alone.,Surgency-,0.35359000
Would be afraid to give a speech in public.,Surgency-,0.44819700
Would describe my experiences as somewhat dull.,Surgency-,0.3809320
Would never go hang-gliding or bungee-jumping.,Surgency-,0.16347000
Would never go riding down a stretch of rapids in a canoe.,Surgency-,0.14491100
Would never indulge in extramarital affairs.,Surgency-,0.19128300
Would not enjoy a job that involves a lot of social interaction.,Surgency-,0.3301710
Would not enjoy fast dancing.,Surgency-,0.33544400
Would rather avoid using manufactured goods.,Surgency-,0.28486300
Would rather be alone than in bad company.,Surgency-,0.43285200
Accept challenging tasks.,Surgency+,0.47598300
Acquire skills quickly.,Surgency+,0.31318000
Act as a leader.,Surgency+,0.45697800
Act as I please.,Surgency+,0.39842500
Act as if I'm constantly on stage.,Surgency+,0.37272100
Act like different people in different situations.,Surgency+,0.491013
Act quickly without thinking.,Surgency+,0.45256000
Act spontaneously without thinking about the consequences.,Surgency+,0.44315600
Act wild and crazy.,Surgency+,0.5168270
Act without planning.,Surgency+,0.50810900
Adapt easily to new situations.,Surgency+,0.34285700
Am a brave person.,Surgency+,0.45573800
Am a flamboyant person.,Surgency+,0.45091400
Am a large-sized person.,Surgency+,0.36034400
Am a naturally good dancer.,Surgency+,0.20584100
Am a true life-long learner.,Surgency+,0.25170000
Am able to pick myself up when I'm down.,Surgency+,0.252519
Am able to stand up for myself.,Surgency+,0.35430500
Am always busy.,Surgency+,0.3301560
Am always looking for a rush of excitement.,Surgency+,0.39214800
Am always on the go.,Surgency+,0.33093400
Am always ready to start afresh.,Surgency+,0.28750800
Am an energetic person.,Surgency+,0.56400700
Am an extraordinary person.,Surgency+,0.47480100
Aman ordinary person with ordinary skills and abilities.,Surgency+,0.4318600
Am considered tall.,Surgency+,0.34571500
Am easily excited.,Surgency+,0.39039800
Am easily startled.,Surgency+,0.4489970
Am excited by many different activities.,Surgency+,0.4167910
Am good at making impromptu speeches.,Surgency+,0.38131800
Am good at seducing others.,Surgency+,0.3043080
Am likely to show off if I get the chance.,Surgency+,0.3593770
Am more capable than most others.,Surgency+,0.42947200
Am more likely to be fast and careless than to be slow and plodding.,Surgency+,0.44410700
"Am moved to action by the possibility of social advancement, even if this involves not playing fair.",Surgency+,0.40549900
Am never at a loss for words.,Surgency+,0.24051800
Am never bored.,Surgency+,0.23567400
Am often so assertive or sociable that I surprise myself.,Surgency+,0.50065200
Amone of the most curious and inquiring persons I know.,Surgency+,0.41989900
Am open to new experiences.,Surgency+,0.4385010
Am passionate about anything I'm involved in.,Surgency+,0.27671300
Am passionate about causes.,Surgency+,0.30335200
Am ready to act on the spot.,Surgency+,0.37389200
Am ready to do battle for a cause.,Surgency+,0.28937500
Am the first toact.,Surgency+,0.4403520
Amthe life of the party.,Surgency+,0.40485400
Am thrilled when I learn something new.,Surgency+,0.33769400
Am totally consumed by one or more interests or hobbies.,Surgency+,0.283677
Am uniquely qualified to make important contributions.,Surgency+,0.27355800
Am usually active and full of energy.,Surgency+,0.44813500
Am willing to take a stand.,Surgency+,0.3796070
Am willing to take risks to establish a relationship.,Surgency+,0.36339700
Am willing to take risks.,Surgency+,0.43629800
Am willing to try anything once.,Surgency+,0.36748000
Amuse myself easily.,Surgency+,0.4169940
Automatically take charge.,Surgency+,0.31460100
Awaken with a sense of excitement about the day's possibilities.,Surgency+,0.52330900
Barge in on conversations.,Surgency+,0.4711730
Begin to answer before the other person finishes the question.,Surgency+,0.38125200
Behave in unusual and strange ways.,Surgency+,0.5237820
Believe that by working hard a person can achieve anything.,Surgency+,0.3686250
Believe that God / a Higher Power acts upon our lives.,Surgency+,0.2613600
Believe that my success depends on ability rather than luck.,Surgency+,0.2794710
Believe that one needs to show their talents and abilities in order to get opportunities and make progress.,Surgency+,0.4168320
Believe that superpowers are possible in humans.,Surgency+,0.35944700
Blurt out whatever comes into my mind.,Surgency+,0.4639460
Call for action while others talk.,Surgency+,0.49862100
Can be stirred up easily.,Surgency+,0.33046600
Can create any impression that I want.,Surgency+,0.35438600
Can easily figure out what another person wants to talk about.,Surgency+,0.2742380
Can easily push myself forward.,Surgency+,0.41551800
Can easily tell if someone else wants to enter a conversation.,Surgency+,0.35570500
Can hardly wait to see what life has in store for me in the years ahead.,Surgency+,0.2825910
Can improvise.,Surgency+,0.5151800
Can make anyone believe anything I want them to.,Surgency+,0.23002700
Can never keep a secret.,Surgency+,0.28453500
Can perform a wide variety of tasks.,Surgency+,0.34483900
Can play many roles convincingly.,Surgency+,0.3550180
Can read other peoples' body language such as facial expressions.,Surgency+,0.36770400
Can recall many events before the age of three.,Surgency+,0.2649400
Can say things beautifully.,Surgency+,0.40799200
Can switch gears easily.,Surgency+,0.24484100
Can tackle anything.,Surgency+,0.34062300
Can take strong measures.,Surgency+,0.52332600
Can talk my way out of anything.,Surgency+,0.2951570
Can tell from persons' attitudes what they will do next,Surgency+,0.40889000
Can think of one or more times in my life where I was very brave.,Surgency+,0.39173100
Can't sleep for nights on end but remain active during the daytime.,Surgency+,0.3730290
Carry the conversation to a higher level.,Surgency+,0.48904700
Catch on to things quickly.,Surgency+,0.3673750
Cheer loudly at sporting events.,Surgency+,0.34401400
Claim to be able to do everything.,Surgency+,0.43062500
Come up with bold plans.,Surgency+,0.5051530
Comment loudly about others.,Surgency+,0.47913000
Dare to say anything.,Surgency+,0.49722300
Demand attention.,Surgency+,0.52589800
Demand to be the center of interest.,Surgency+,0.45164800
Do crazy things.,Surgency+,0.4777820
Do dangerous things.,Surgency+,0.47026100
Do many things with ease.,Surgency+,0.31718900
Do more than what's expected of me.,Surgency+,0.42804800
Do most of the talking.,Surgency+,0.3893020
Do things that are very out of the ordinary.,Surgency+,0.49397700
Do things that men traditionally do.,Surgency+,0.3615270
Do things that women traditionally do.,Surgency+,0.3221450
Do unexpected things.,Surgency+,0.51888000
Do whatever comes into my mind.,Surgency+,0.39355200
Eagerly look forward to things to come.,Surgency+,0.4047920
Engage in discussions.,Surgency+,0.43976300
Enjoy a good brawl.,Surgency+,0.3266990
Enjoy beating the system.,Surgency+,0.3563740
Enjoy being on the go.,Surgency+,0.42388800
Enjoy being part of a loud crowd.,Surgency+,0.37751300
Enjoy being reckless.,Surgency+,0.50553800
Enjoy crude jokes.,Surgency+,0.36493500
Enjoy driving fast and passing cars on the highway.,Surgency+,0.30000800
Enjoy flirting with complete strangers.,Surgency+,0.36730300
Enjoy flirting.,Surgency+,0.47772800
Enjoy games of strategy.,Surgency+,0.41016300
Enjoy physical exercise.,Surgency+,0.4293130
Enjoy sexual experiences intensely.,Surgency+,0.34096400
Exaggerate my abilities.,Surgency+,0.5195080
Exert my authority.,Surgency+,0.46417500
Express myself easily.,Surgency+,0.5083200
Face danger confidently.,Surgency+,0.47556200
Feel healthy and vibrant most of the time.,Surgency+,0.33646700
Feel that I have a lot of inner strength.,Surgency+,0.3731620
Feel that my interests change quickly.,Surgency+,0.3832690
Feel up to any task.,Surgency+,0.44672200
Find it easy to spend a lot of time learning something new.,Surgency+,0.27532500
Find that in certain situations I am able to do things with amazing ease and spontaneity that would usually be difficult for me.,Surgency+,0.45693600
Follow the crowd.,Surgency+,0.25601200
Generally give preference to those activities that imply an immediate gain.,Surgency+,0.33110100
Get a head start on others.,Surgency+,0.42048900
Get chores done right away.,Surgency+,0.14408700
Get excited about the things that I am doing.,Surgency+,0.4535120
Get excited when I learn new things.,Surgency+,0.43498000
Get in shouting matches with other people.,Surgency+,0.40698600
Get so happy or energetic that I am almost giddy.,Surgency+,0.41472900
Get the most fun out of things that are illegal.,Surgency+,0.3065580
Go on binges.,Surgency+,0.3776290
Go on shopping sprees.,Surgency+,0.31070700
Go straight for the goal.,Surgency+,0.25247400
Go too far with jokes.,Surgency+,0.40788800
Have a colorful and dramatic way of talking about things.,Surgency+,0.5494110
Have a lot of fun.,Surgency+,0.42567500
Have a natural talent for influencing people.,Surgency+,0.42262100
Have a pleasing physique.,Surgency+,0.3981370
Have a sharp tongue.,Surgency+,0.49600600
Have a strong need for power.,Surgency+,0.43571700
Have a strong personality.,Surgency+,0.54143000
Have a strong physique.,Surgency+,0.43974300
Havealways been a rule-breaker.,Surgency+,0.29216300
Have an attractive face.,Surgency+,0.38787900
"Have an intense, boisterous laugh.",Surgency+,0.45302900
Have an uncommon ability to persuade or inspire others.,Surgency+,0.46711400
Have attacked someone physically.,Surgency+,0.35244100
Have extra time on my hands.,Surgency+,0.40122000
Have great stamina.,Surgency+,0.46694300
Have leadership abilities.,Surgency+,0.48782500
Have out-of-body experiences.,Surgency+,0.38316200
Have persuaded others to do something really adventurous or crazy.,Surgency+,0.45437700
Have taken frequent stands in the face of strong opposition.,Surgency+,0.29376500
Have the ability to make others feel interesting.,Surgency+,0.50109300
Impress my friends and family with my ability to plan for the future.,Surgency+,0.37374700
Insist on getting my way.,Surgency+,0.36681200
Jump into things without thinking.,Surgency+,0.45608300
Jump into things.,Surgency+,0.47638000
Just know that I will be a success.,Surgency+,0.2873470
Know how to captivate people.,Surgency+,0.45426200
Know how to enjoy myself.,Surgency+,0.41059000
Know my strengths.,Surgency+,0.42220000
Know no limits.,Surgency+,0.48978100
Know someone with whom I feel free to be myself.,Surgency+,0.3274060
Know that I can live my life in any way I want to.,Surgency+,0.22088300
Laugh aloud.,Surgency+,0.42186300
Laugh out loud if something is funny.,Surgency+,0.36234400
Learn quickly.,Surgency+,0.36554400
Let myself be talked into doing things.,Surgency+,0.3862040
Like displaying my physical abilities even though this may involve danger.,Surgency+,0.5000580
Like making sexual advances.,Surgency+,0.48437200
Like taking risks.,Surgency+,0.5801270
Like to act on a whim.,Surgency+,0.48534700
Like to add competitive features to all activities.,Surgency+,0.37349700
Like to amuse others.,Surgency+,0.45113100
Like to behave spontaneously.,Surgency+,0.5317800
Like to compete and do everything I can to win.,Surgency+,0.25474800
Like to dress differently than everyone else.,Surgency+,0.34051900
Like to go outside during violent thunderstorms.,Surgency+,0.2760450
Like to laugh out loud.,Surgency+,0.38426800
Like to learn new things.,Surgency+,0.39067400
Like to putter around the house.,Surgency+,0.3874680
Like to show off my body.,Surgency+,0.36890700
Like to show-off.,Surgency+,0.48017000
Like to spend time learning new things that do not have anything to do with my studies or work.,Surgency+,0.25691900
Like to stand out in a crowd.,Surgency+,0.46060500
Like to start fights.,Surgency+,0.35337300
Like to stir up excitement.,Surgency+,0.5217550
Like to talk about my future plans.,Surgency+,0.32414800
Like to visit new places.,Surgency+,0.3241490
Like wild parties.,Surgency+,0.39877000
Live from one day to the next.,Surgency+,0.42981700
Love a good fight.,Surgency+,0.31503300
Love action.,Surgency+,0.516757
Love excitement.,Surgency+,0.50039400
Love large parties.,Surgency+,0.26634800
Love to discuss sexually charged topics.,Surgency+,0.34323300
Love to dress in outlandish clothes.,Surgency+,0.40221000
Love to learn new things.,Surgency+,0.35854600
Love to travel to places that I have never been before.,Surgency+,0.18425000
Maintain high energy throughout the day.,Surgency+,0.38730800
Make a lot of noise.,Surgency+,0.41385200
Make decisions easily.,Surgency+,0.22915700
Make many digressions when speaking.,Surgency+,0.49542700
Make myself the center of attention.,Surgency+,0.4399230
Meet challenges.,Surgency+,0.4969720
Move in a graceful manner.,Surgency+,0.35243000
Nearly always feel awake and alert.,Surgency+,0.3159090
Need a push to get started.,Surgency+,0.39614600
Never stop talking.,Surgency+,0.36859300
Often enjoy singing without inhibitions when walking.,Surgency+,0.25652400
Often feel physically fit and mentally alert.,Surgency+,0.439583
Often like to do the first thing that comes to my mind.,Surgency+,0.3437390
Often stop in the middle of one activity to start another one.,Surgency+,0.44081600
"Often tell myself that I'll do an activity tomorrow, even when I have enough time to complete it today.",Surgency+,0.31462700
Participate in many activities.,Surgency+,0.45352900
Perform in public whenever I can.,Surgency+,0.31018500
Pitch in readily.,Surgency+,0.37261500
Play a role in order to impress people.,Surgency+,0.38297900
Play tricks on others.,Surgency+,0.39369100
Plunge into tasks with all my heart.,Surgency+,0.3279060
Prefer city life to rural life.,Surgency+,0.14948000
Prefer friends who are excitingly unpredictable.,Surgency+,0.40471000
Prefer going to movies to watching videos at home.,Surgency+,0.14781100
Prefer thrilling activities to staying home to watch TV.,Surgency+,0.3440770
Prefer to participate fully rather than view life from the sidelines.,Surgency+,0.3265470
Prefer to take on the leadership role in a group.,Surgency+,0.31766800
Prefer to wear sexually provocative clothing.,Surgency+,0.3947300
Push myself very hard to succeed.,Surgency+,0.34951200
Put on a show to impress people.,Surgency+,0.35463300
Quickly recognize possibilities.,Surgency+,0.485121
Radiate joy.,Surgency+,0.4530660
React immediately.,Surgency+,0.38224100
React intensely.,Surgency+,0.4910610
React quickly.,Surgency+,0.45272200
Read all the time.,Surgency+,0.20628500
Read quickly.,Surgency+,0.4309180
Readily overcome setbacks.,Surgency+,0.32795000
Recover quickly from stress and illness.,Surgency+,0.24226700
Rush into things.,Surgency+,0.48024400
Sail my own course.,Surgency+,0.2620620
Say things just to be different.,Surgency+,0.451729
Seek adventure.,Surgency+,0.51038400
Show a mastery of language.,Surgency+,0.4288910
Sometimes do things for quick gains.,Surgency+,0.39317
Sometimes laugh out loud when reading or watching TV.,Surgency+,0.34690300
Speak loudly.,Surgency+,0.5157840
Speak rapidly.,Surgency+,0.561585
Speak up for others.,Surgency+,0.4406650
Spend more money than I have.,Surgency+,0.3040850
Start conversations.,Surgency+,0.42447000
Start fights.,Surgency+,0.33126100
Start tasks right away.,Surgency+,0.18014100
Stick up for myself.,Surgency+,0.41276600
Suspect that people like to talk to me because my ideas are unusual.,Surgency+,0.3636820
Swim against the current.,Surgency+,0.3303530
Take charge.,Surgency+,0.46072700
Take deviant positions.,Surgency+,0.55316500
Take liberties with others' things.,Surgency+,0.43689200
Take risks.,Surgency+,0.55259100
Take the initiative.,Surgency+,0.5072660
Take things in quickly.,Surgency+,0.3506710
Talk a lot.,Surgency+,0.45309000
Talk during movies.,Surgency+,0.35225500
Talk to a lot of different people at parties.,Surgency+,0.29582400
Talk too much.,Surgency+,0.46234300
Tease people.,Surgency+,0.4637470
Think I would make a good actor.,Surgency+,0.1590300
Think it would be exciting to be near an explosion.,Surgency+,0.33938300
Think my sex drive is stronger than most other people.,Surgency+,0.29460000
Throw things across the room when angry.,Surgency+,0.37470100
Try out new things.,Surgency+,0.48947700
Try to have fun in all kinds of situations.,Surgency+,0.46719700
Try to impress others.,Surgency+,0.46660200
Try to lead others.,Surgency+,0.46768300
Try to outdo others.,Surgency+,0.4504700
Try to surpass others' accomplishments.,Surgency+,0.43437000
Use difficult words.,Surgency+,0.47948600
Use flattery to get ahead.,Surgency+,0.44812800
Use my body language to attract others.,Surgency+,0.45895500
Use sex to get what I want.,Surgency+,0.23982900
Use swearwords.,Surgency+,0.39533200
Usually like to talk a lot.,Surgency+,0.35363500
Walk over others.,Surgency+,0.35976300
Want to be different from others.,Surgency+,0.46672600
Want to be in charge.,Surgency+,0.42007700
Want to be the perfect leader.,Surgency+,0.31523500
Want to be the very best.,Surgency+,0.32640700
Want to experience passion and romance.,Surgency+,0.33333700
Want to have the last word.,Surgency+,0.30358800
Want to know everything.,Surgency+,0.22490800
Want to prove myself.,Surgency+,0.39889100
Was a better than average student when I was in school.,Surgency+,0.25172500
Was known for challenging my teachers in school.,Surgency+,0.28682100
Wear clothing that shows off or enhances my best features.,Surgency+,0.3525870
Wear stylish clothing.,Surgency+,0.39232900
Wear T-shirts in public.,Surgency+,0.3580160
"When in a group, try to make my opinions the most intelligent or the funniest.",Surgency+,0.41176500
Will do anything for my career.,Surgency+,0.1691910
Will succeed with the goals I set for myself.,Surgency+,0.31323100
Will try anything once.,Surgency+,0.37986200
Will use whatever I can find as a weapon to fight with.,Surgency+,0.2034170
Would be described by my friends as brave.,Surgency+,0.45814400
Would be described by my friends as having lots of positive energy.,Surgency+,0.48115400
Would do anything to get an adrenaline rush.,Surgency+,0.35992600
Would enjoy campaigning for political office.,Surgency+,0.27526400
Would enjoy cliff diving from great heights.,Surgency+,0.25298600
Would enjoy the riskiness of being a police officer or firefighter.,Surgency+,0.2580370
Would go streaking in public just for the thrill of it.,Surgency+,0.36583400
Would like to be a race-car driver.,Surgency+,0.16108900
Would like to be a socially powerful person.,Surgency+,0.36676500
Would like to have more power than other people.,Surgency+,0.31448000
Would like to try bungee jumping.,Surgency+,0.25062300
Would love to perform in front of a crowd.,Surgency+,0.24094500
Would make a good night-club comedian.,Surgency+,0.23127000
Yell at inanimate objects.,Surgency+,0.47286300
Yell at people.,Surgency+,0.36102700
